location_id,state,district,city,pincode,latitude,longitude,is_cyber_hotspot,hotspot_cluster_name
LOC_00001,Jharkhand,Jamtara,Jamtara-Karmatanr,815351,23.9614,86.8016,True,Jamtara-Karmatanr Hub
LOC_00002,Haryana,Nuh,Mewat-Nuh,122107,28.1128,77.0017,True,Mewat-Nuh Region
LOC_00003,Rajasthan,Bharatpur,Bharatpur-Deeg,321001,27.2152,77.503,True,Bharatpur-Deeg Belt
LOC_00004,Rajasthan,Alwar,Alwar-Ramgarh,301001,27.553,76.6346,True,Alwar-Ramgarh Strip
LOC_00005,Telangana,Hyderabad,Cyberabad,500081,17.4435,78.3772,True,Cyberabad Hitec Cluster
LOC_00006,Uttar Pradesh,Gautam Buddha Nagar,Noida,201309,28.628,77.3649,True,Noida Sector-62 Call Centers
LOC_00007,West Bengal,North 24 Parganas,Bidhannagar,700091,22.5804,88.4174,True,Bidhannagar Fake BPO Hub
LOC_00008,Tamil Nadu,Chennai,Chennai,600004,13.1552,80.1942,False,None
LOC_00009,Karnataka,Hubballi,Hubballi,580033,15.4177,75.2417,False,None
LOC_00010,Delhi,Rohini,Rohini,110139,28.609,76.9346,False,None
LOC_00011,Telangana,Warangal,Warangal,506078,17.8269,79.5038,False,None
LOC_00012,Tamil Nadu,Madurai,Madurai,625070,9.9011,78.1046,False,None
LOC_00013,Uttar Pradesh,Noida,Noida,201321,28.5949,77.3431,False,None
LOC_00014,Karnataka,Bengaluru,Bengaluru,560044,12.8523,77.5586,False,None
LOC_00015,Rajasthan,Jodhpur,Jodhpur,342078,26.1683,72.8873,False,None
LOC_00016,West Bengal,Siliguri,Siliguri,734016,26.869,88.3589,False,None
LOC_00017,Haryana,Faridabad,Faridabad,121081,28.4445,77.4263,False,None
LOC_00018,Jharkhand,Ranchi,Ranchi,834009,23.2078,85.228,False,None
LOC_00019,Uttar Pradesh,Noida,Noida,201330,28.6454,77.355,False,None
LOC_00020,West Bengal,Siliguri,Siliguri,734047,26.6259,88.3519,False,None
LOC_00021,Tamil Nadu,Coimbatore,Coimbatore,641010,11.0495,76.8571,False,None
LOC_00022,Bihar,Patna,Patna,800021,25.5828,85.0686,False,None
LOC_00023,Tamil Nadu,Madurai,Madurai,625072,9.8411,78.0671,False,None
LOC_00024,Maharashtra,Mumbai,Mumbai,400005,19.0135,72.805,False,None
LOC_00025,Delhi,New Delhi,New Delhi,110073,28.7268,77.1534,False,None
LOC_00026,Tamil Nadu,Coimbatore,Coimbatore,641051,11.1322,76.9987,False,None
LOC_00027,Karnataka,Mysuru,Mysuru,570018,12.2198,76.6578,False,None
LOC_00028,Uttar Pradesh,Kanpur,Kanpur,208075,26.4284,80.357,False,None
LOC_00029,Rajasthan,Jaipur,Jaipur,302018,26.9153,75.6646,False,None
LOC_00030,Maharashtra,Mumbai,Mumbai,400020,18.9602,72.9223,False,None
LOC_00031,Gujarat,Vadodara,Vadodara,390009,22.2726,73.21,False,None
LOC_00032,West Bengal,Siliguri,Siliguri,734033,26.8684,88.5035,False,None
LOC_00033,Maharashtra,Nagpur,Nagpur,440015,21.2003,79.0993,False,None
LOC_00034,Uttar Pradesh,Kanpur,Kanpur,208044,26.3334,80.3123,False,None
LOC_00035,West Bengal,Kolkata,Kolkata,700034,22.7142,88.4425,False,None
LOC_00036,Haryana,Gurugram,Gurugram,122081,28.399,77.0683,False,None
LOC_00037,Jharkhand,Ranchi,Ranchi,834020,23.3063,85.2081,False,None
LOC_00038,Haryana,Gurugram,Gurugram,122077,28.4067,76.8824,False,None
LOC_00039,Rajasthan,Jodhpur,Jodhpur,342031,26.1063,73.1377,False,None
LOC_00040,Delhi,New Delhi,New Delhi,110063,28.7087,77.3524,False,None
LOC_00041,Haryana,Gurugram,Gurugram,122017,28.5074,77.1607,False,None
LOC_00042,Karnataka,Mysuru,Mysuru,570068,12.4075,76.6163,False,None
LOC_00043,Telangana,Warangal,Warangal,506026,18.0328,79.5638,False,None
LOC_00044,Tamil Nadu,Madurai,Madurai,625048,9.9066,78.1251,False,None
LOC_00045,Delhi,New Delhi,New Delhi,110029,28.4831,77.0653,False,None
LOC_00046,Haryana,Gurugram,Gurugram,122076,28.3756,76.8979,False,None
LOC_00047,Tamil Nadu,Chennai,Chennai,600030,12.9529,80.1301,False,None
LOC_00048,Rajasthan,Jaipur,Jaipur,302066,26.8338,75.838,False,None
LOC_00049,Telangana,Warangal,Warangal,506017,18.0359,79.7088,False,None
LOC_00050,Jharkhand,Jamshedpur,Jamshedpur,831032,22.89,86.2951,False,None
LOC_00051,Telangana,Hyderabad,Hyderabad,500013,17.4327,78.443,False,None
LOC_00052,Gujarat,Surat,Surat,395007,21.2222,72.9763,False,None
LOC_00053,Delhi,New Delhi,New Delhi,110052,28.6824,77.2992,False,None
LOC_00054,Delhi,New Delhi,New Delhi,110025,28.521,77.1936,False,None
LOC_00055,Gujarat,Ahmedabad,Ahmedabad,380036,23.0113,72.6837,False,None
LOC_00056,Delhi,Dwarka,Dwarka,110145,28.4715,77.0916,False,None
LOC_00057,Haryana,Gurugram,Gurugram,122012,28.5874,77.1312,False,None
LOC_00058,Karnataka,Mysuru,Mysuru,570063,12.2902,76.7488,False,None
LOC_00059,Maharashtra,Mumbai,Mumbai,400049,18.7726,72.8018,False,None
LOC_00060,West Bengal,Bidhannagar,Bidhannagar,700145,22.6394,88.4866,False,None
LOC_00061,Haryana,Ambala,Ambala,133063,30.2746,76.7157,False,None
LOC_00062,Maharashtra,Nagpur,Nagpur,440070,21.0141,79.0323,False,None
LOC_00063,Maharashtra,Nagpur,Nagpur,440062,21.1467,79.194,False,None
LOC_00064,Karnataka,Bengaluru,Bengaluru,560066,12.8456,77.5003,False,None
LOC_00065,Jharkhand,Ranchi,Ranchi,834031,23.3152,85.4421,False,None
LOC_00066,Jharkhand,Ranchi,Ranchi,834075,23.3725,85.3454,False,None
LOC_00067,Gujarat,Vadodara,Vadodara,390075,22.3268,73.1261,False,None
LOC_00068,Uttar Pradesh,Noida,Noida,201341,28.4571,77.3597,False,None
LOC_00069,Tamil Nadu,Madurai,Madurai,625039,9.9124,78.2485,False,None
LOC_00070,Delhi,New Delhi,New Delhi,110059,28.6502,77.2279,False,None
LOC_00071,Delhi,New Delhi,New Delhi,110069,28.5278,77.1386,False,None
LOC_00072,Rajasthan,Jaipur,Jaipur,302032,26.8733,75.6846,False,None
LOC_00073,Haryana,Ambala,Ambala,133039,30.4117,76.9229,False,None
LOC_00074,Tamil Nadu,Madurai,Madurai,625002,9.9756,78.1362,False,None
LOC_00075,Tamil Nadu,Chennai,Chennai,600018,13.012,80.3876,False,None
LOC_00076,Bihar,Muzaffarpur,Muzaffarpur,842020,26.0526,85.3961,False,None
LOC_00077,Bihar,Gaya,Gaya,823027,24.8476,85.1061,False,None
LOC_00078,Haryana,Faridabad,Faridabad,121033,28.5305,77.4216,False,None
LOC_00079,Delhi,Rohini,Rohini,110139,28.8483,76.9197,False,None
LOC_00080,Rajasthan,Jaipur,Jaipur,302034,26.8109,75.7699,False,None
LOC_00081,Bihar,Gaya,Gaya,823072,24.6443,84.8728,False,None
LOC_00082,Bihar,Patna,Patna,800070,25.4549,85.0984,False,None
LOC_00083,Haryana,Gurugram,Gurugram,122056,28.3477,76.9691,False,None
LOC_00084,Maharashtra,Pune,Pune,411027,18.575,73.9068,False,None
LOC_00085,Rajasthan,Kota,Kota,324053,25.356,75.9396,False,None
LOC_00086,Telangana,Hyderabad,Hyderabad,500023,17.4994,78.3441,False,None
LOC_00087,Bihar,Gaya,Gaya,823053,24.8821,85.1094,False,None
LOC_00088,Telangana,Secunderabad,Secunderabad,500023,17.5261,78.3807,False,None
LOC_00089,Maharashtra,Pune,Pune,411029,18.4303,73.9822,False,None
LOC_00090,Rajasthan,Jodhpur,Jodhpur,342030,26.1558,73.0723,False,None
LOC_00091,Gujarat,Surat,Surat,395036,21.2795,72.9712,False,None
LOC_00092,Uttar Pradesh,Lucknow,Lucknow,226066,26.8166,81.0905,False,None
LOC_00093,Haryana,Faridabad,Faridabad,121004,28.2935,77.4589,False,None
LOC_00094,Karnataka,Hubballi,Hubballi,580053,15.2262,75.153,False,None
LOC_00095,Rajasthan,Kota,Kota,324041,25.1947,76.0101,False,None
LOC_00096,Delhi,Dwarka,Dwarka,110148,28.4991,76.9093,False,None
LOC_00097,Gujarat,Ahmedabad,Ahmedabad,380067,23.1502,72.5829,False,None
LOC_00098,Bihar,Muzaffarpur,Muzaffarpur,842026,26.0802,85.2357,False,None
LOC_00099,Tamil Nadu,Coimbatore,Coimbatore,641080,10.961,77.0602,False,None
LOC_00100,Bihar,Gaya,Gaya,823065,24.7342,84.9727,False,None
LOC_00101,Gujarat,Vadodara,Vadodara,390038,22.3235,73.0888,False,None
LOC_00102,Tamil Nadu,Coimbatore,Coimbatore,641023,11.0515,76.8961,False,None
LOC_00103,Haryana,Gurugram,Gurugram,122039,28.3956,77.0056,False,None
LOC_00104,Jharkhand,Dhanbad,Dhanbad,826042,23.7852,86.413,False,None
LOC_00105,Telangana,Warangal,Warangal,506061,18.057,79.732,False,None
LOC_00106,Bihar,Patna,Patna,800011,25.5292,85.1868,False,None
LOC_00107,Jharkhand,Jamshedpur,Jamshedpur,831012,22.9001,86.2782,False,None
LOC_00108,Tamil Nadu,Coimbatore,Coimbatore,641029,11.1088,76.85,False,None
LOC_00109,Maharashtra,Mumbai,Mumbai,400061,18.9554,72.9152,False,None
LOC_00110,West Bengal,Bidhannagar,Bidhannagar,700171,22.6031,88.4829,False,None
LOC_00111,Gujarat,Surat,Surat,395052,21.0934,72.8779,False,None
LOC_00112,Maharashtra,Mumbai,Mumbai,400055,18.8377,72.9259,False,None
LOC_00113,Bihar,Muzaffarpur,Muzaffarpur,842060,25.986,85.2895,False,None
LOC_00114,Delhi,Dwarka,Dwarka,110092,28.6825,77.0963,False,None
LOC_00115,Haryana,Ambala,Ambala,133041,30.5132,76.8941,False,None
LOC_00116,Jharkhand,Dhanbad,Dhanbad,826065,23.7737,86.5525,False,None
LOC_00117,West Bengal,Kolkata,Kolkata,700061,22.5576,88.4394,False,None
LOC_00118,Tamil Nadu,Coimbatore,Coimbatore,641067,11.0122,76.8776,False,None
LOC_00119,West Bengal,Kolkata,Kolkata,700037,22.4929,88.3147,False,None
LOC_00120,Haryana,Gurugram,Gurugram,122018,28.3547,76.9915,False,None
LOC_00121,Karnataka,Hubballi,Hubballi,580047,15.234,75.0963,False,None
LOC_00122,Haryana,Faridabad,Faridabad,121054,28.2776,77.4177,False,None
LOC_00123,Gujarat,Vadodara,Vadodara,390003,22.4142,73.2609,False,None
LOC_00124,Gujarat,Surat,Surat,395001,21.303,72.7707,False,None
LOC_00125,Gujarat,Surat,Surat,395069,21.2445,72.8449,False,None
LOC_00126,Jharkhand,Ranchi,Ranchi,834063,23.2599,85.2904,False,None
LOC_00127,Maharashtra,Pune,Pune,411044,18.5711,73.9461,False,None
LOC_00128,Bihar,Patna,Patna,800060,25.72,85.2818,False,None
LOC_00129,Haryana,Gurugram,Gurugram,122051,28.4871,77.0755,False,None
LOC_00130,Delhi,Rohini,Rohini,110139,28.6402,77.045,False,None
LOC_00131,Maharashtra,Pune,Pune,411049,18.4686,73.8431,False,None
LOC_00132,Rajasthan,Jodhpur,Jodhpur,342036,26.3145,73.1239,False,None
LOC_00133,Uttar Pradesh,Noida,Noida,201361,28.3913,77.4028,False,None
LOC_00134,Rajasthan,Jaipur,Jaipur,302009,26.9968,75.8328,False,None
LOC_00135,Maharashtra,Mumbai,Mumbai,400026,19.0238,72.8711,False,None
LOC_00136,Telangana,Hyderabad,Hyderabad,500061,17.4358,78.5059,False,None
LOC_00137,Telangana,Secunderabad,Secunderabad,500035,17.52,78.3986,False,None
LOC_00138,Jharkhand,Dhanbad,Dhanbad,826015,23.879,86.3295,False,None
LOC_00139,Uttar Pradesh,Noida,Noida,201375,28.3932,77.3346,False,None
LOC_00140,Tamil Nadu,Coimbatore,Coimbatore,641051,11.1492,76.8653,False,None
LOC_00141,Jharkhand,Dhanbad,Dhanbad,826081,23.7186,86.4896,False,None
LOC_00142,Uttar Pradesh,Kanpur,Kanpur,208077,26.5416,80.4208,False,None
LOC_00143,Jharkhand,Ranchi,Ranchi,834045,23.3539,85.3581,False,None
LOC_00144,Delhi,Rohini,Rohini,110128,28.6033,77.0325,False,None
LOC_00145,West Bengal,Kolkata,Kolkata,700056,22.7108,88.4046,False,None
LOC_00146,West Bengal,Siliguri,Siliguri,734020,26.7077,88.4654,False,None
LOC_00147,Tamil Nadu,Coimbatore,Coimbatore,641079,11.1093,76.9673,False,None
LOC_00148,West Bengal,Bidhannagar,Bidhannagar,700146,22.6781,88.4451,False,None
LOC_00149,Rajasthan,Jaipur,Jaipur,302012,26.8461,75.7725,False,None
LOC_00150,West Bengal,Siliguri,Siliguri,734079,26.7776,88.3462,False,None
LOC_00151,West Bengal,Bidhannagar,Bidhannagar,700114,22.5767,88.3738,False,None
LOC_00152,Uttar Pradesh,Lucknow,Lucknow,226036,26.9608,81.0066,False,None
LOC_00153,Uttar Pradesh,Kanpur,Kanpur,208002,26.4549,80.2392,False,None
LOC_00154,Telangana,Warangal,Warangal,506053,17.9655,79.6715,False,None
LOC_00155,Bihar,Gaya,Gaya,823063,24.7759,84.8554,False,None
LOC_00156,Uttar Pradesh,Noida,Noida,201352,28.593,77.3329,False,None
LOC_00157,Jharkhand,Jamshedpur,Jamshedpur,831061,22.8206,86.156,False,None
LOC_00158,Bihar,Muzaffarpur,Muzaffarpur,842043,26.0764,85.3508,False,None
LOC_00159,Uttar Pradesh,Lucknow,Lucknow,226030,26.7329,80.854,False,None
LOC_00160,Delhi,Rohini,Rohini,110153,28.8848,77.1135,False,None
LOC_00161,Telangana,Hyderabad,Hyderabad,500062,17.3179,78.5136,False,None
LOC_00162,Haryana,Ambala,Ambala,133037,30.5224,76.8765,False,None
LOC_00163,Uttar Pradesh,Noida,Noida,201347,28.4393,77.2452,False,None
LOC_00164,Haryana,Gurugram,Gurugram,122036,28.3232,76.893,False,None
LOC_00165,Uttar Pradesh,Kanpur,Kanpur,208017,26.4913,80.4077,False,None
LOC_00166,Delhi,New Delhi,New Delhi,110074,28.5492,77.2026,False,None
LOC_00167,Rajasthan,Jaipur,Jaipur,302007,26.8381,75.8958,False,None
LOC_00168,Delhi,New Delhi,New Delhi,110052,28.6114,77.2321,False,None
LOC_00169,Tamil Nadu,Chennai,Chennai,600020,12.9775,80.2896,False,None
LOC_00170,Uttar Pradesh,Noida,Noida,201332,28.421,77.4703,False,None
LOC_00171,Jharkhand,Dhanbad,Dhanbad,826080,23.7134,86.4372,False,None
LOC_00172,West Bengal,Bidhannagar,Bidhannagar,700129,22.6884,88.5644,False,None
LOC_00173,Uttar Pradesh,Kanpur,Kanpur,208080,26.318,80.4699,False,None
LOC_00174,Delhi,New Delhi,New Delhi,110081,28.5272,77.2571,False,None
LOC_00175,Karnataka,Bengaluru,Bengaluru,560023,12.9872,77.4916,False,None
LOC_00176,Gujarat,Surat,Surat,395077,21.1612,72.6909,False,None
LOC_00177,Uttar Pradesh,Kanpur,Kanpur,208037,26.5108,80.3181,False,None
LOC_00178,Tamil Nadu,Chennai,Chennai,600034,13.169,80.3082,False,None
LOC_00179,Tamil Nadu,Chennai,Chennai,600055,12.9671,80.1881,False,None
LOC_00180,Karnataka,Mysuru,Mysuru,570019,12.1672,76.5392,False,None
LOC_00181,Uttar Pradesh,Kanpur,Kanpur,208073,26.5763,80.3136,False,None
LOC_00182,West Bengal,Siliguri,Siliguri,734039,26.787,88.5281,False,None
LOC_00183,Haryana,Ambala,Ambala,133064,30.3595,76.8061,False,None
LOC_00184,Gujarat,Vadodara,Vadodara,390042,22.3383,73.039,False,None
LOC_00185,Telangana,Warangal,Warangal,506074,17.995,79.4503,False,None
LOC_00186,Tamil Nadu,Coimbatore,Coimbatore,641074,10.8789,77.0327,False,None
LOC_00187,West Bengal,Siliguri,Siliguri,734057,26.8519,88.2997,False,None
LOC_00188,Jharkhand,Jamshedpur,Jamshedpur,831063,22.9453,86.1939,False,None
LOC_00189,Gujarat,Surat,Surat,395042,21.2212,72.9384,False,None
LOC_00190,Rajasthan,Jodhpur,Jodhpur,342064,26.1754,73.1579,False,None
LOC_00191,Haryana,Gurugram,Gurugram,122059,28.3359,76.9523,False,None
LOC_00192,Delhi,Dwarka,Dwarka,110140,28.6896,76.8963,False,None
LOC_00193,Haryana,Faridabad,Faridabad,121053,28.2752,77.3233,False,None
LOC_00194,Jharkhand,Jamshedpur,Jamshedpur,831081,22.7872,86.0684,False,None
LOC_00195,Uttar Pradesh,Kanpur,Kanpur,208017,26.5782,80.3133,False,None
LOC_00196,Bihar,Gaya,Gaya,823016,24.6501,85.0392,False,None
LOC_00197,Telangana,Warangal,Warangal,506021,17.9121,79.4482,False,None
LOC_00198,Gujarat,Ahmedabad,Ahmedabad,380029,23.1702,72.6953,False,None
LOC_00199,West Bengal,Kolkata,Kolkata,700020,22.5721,88.4289,False,None
LOC_00200,Haryana,Ambala,Ambala,133035,30.3528,76.7714,False,None
LOC_00201,West Bengal,Kolkata,Kolkata,700059,22.588,88.329,False,None
LOC_00202,Jharkhand,Dhanbad,Dhanbad,826018,23.9049,86.3633,False,None
LOC_00203,Gujarat,Surat,Surat,395065,21.1004,72.6819,False,None
LOC_00204,Bihar,Gaya,Gaya,823076,24.8154,85.0482,False,None
LOC_00205,Karnataka,Mysuru,Mysuru,570069,12.2911,76.5891,False,None
LOC_00206,Haryana,Faridabad,Faridabad,121059,28.5388,77.4287,False,None
LOC_00207,Bihar,Patna,Patna,800074,25.559,85.2444,False,None
LOC_00208,Gujarat,Ahmedabad,Ahmedabad,380041,23.0959,72.633,False,None
LOC_00209,Gujarat,Surat,Surat,395020,21.1688,72.6922,False,None
LOC_00210,Haryana,Ambala,Ambala,133043,30.4891,76.889,False,None
LOC_00211,West Bengal,Kolkata,Kolkata,700068,22.6957,88.2185,False,None
LOC_00212,Karnataka,Mysuru,Mysuru,570020,12.1682,76.7239,False,None
LOC_00213,Uttar Pradesh,Lucknow,Lucknow,226080,26.9045,80.9912,False,None
LOC_00214,Rajasthan,Kota,Kota,324069,25.1778,75.8098,False,None
LOC_00215,Bihar,Gaya,Gaya,823070,24.6522,84.8707,False,None
LOC_00216,Tamil Nadu,Madurai,Madurai,625037,10.0744,78.1938,False,None
LOC_00217,Gujarat,Ahmedabad,Ahmedabad,380013,23.0056,72.6296,False,None
LOC_00218,Maharashtra,Mumbai,Mumbai,400042,19.0108,72.7727,False,None
LOC_00219,Rajasthan,Jodhpur,Jodhpur,342019,26.1622,72.9979,False,None
LOC_00220,Tamil Nadu,Chennai,Chennai,600022,12.9852,80.3035,False,None
LOC_00221,Gujarat,Vadodara,Vadodara,390031,22.3065,73.2061,False,None
LOC_00222,Telangana,Secunderabad,Secunderabad,500035,17.4278,78.5484,False,None
LOC_00223,West Bengal,Bidhannagar,Bidhannagar,700160,22.4778,88.3999,False,None
LOC_00224,Rajasthan,Kota,Kota,324039,25.2555,75.8421,False,None
LOC_00225,Uttar Pradesh,Lucknow,Lucknow,226039,26.7565,80.9116,False,None
LOC_00226,West Bengal,Kolkata,Kolkata,700031,22.537,88.3216,False,None
LOC_00227,Uttar Pradesh,Kanpur,Kanpur,208038,26.3065,80.4309,False,None
LOC_00228,Gujarat,Surat,Surat,395002,21.19,72.8868,False,None
LOC_00229,Bihar,Patna,Patna,800078,25.6677,85.2375,False,None
LOC_00230,Uttar Pradesh,Noida,Noida,201378,28.6261,77.3067,False,None
LOC_00231,Telangana,Warangal,Warangal,506033,18.0222,79.6604,False,None
LOC_00232,Tamil Nadu,Madurai,Madurai,625018,9.9637,78.2408,False,None
LOC_00233,Tamil Nadu,Chennai,Chennai,600040,13.1693,80.1307,False,None
LOC_00234,Rajasthan,Kota,Kota,324017,25.0908,75.8033,False,None
LOC_00235,Bihar,Gaya,Gaya,823023,24.7016,85.0862,False,None
LOC_00236,Rajasthan,Kota,Kota,324065,25.3378,75.9639,False,None
LOC_00237,Uttar Pradesh,Lucknow,Lucknow,226038,26.9207,80.8978,False,None
LOC_00238,Delhi,Dwarka,Dwarka,110084,28.4843,77.186,False,None
LOC_00239,Tamil Nadu,Madurai,Madurai,625051,10.0654,78.2112,False,None
LOC_00240,Rajasthan,Jaipur,Jaipur,302051,26.7666,75.7983,False,None
LOC_00241,West Bengal,Bidhannagar,Bidhannagar,700124,22.6058,88.5141,False,None
LOC_00242,Rajasthan,Jaipur,Jaipur,302030,26.9038,75.8232,False,None
LOC_00243,Haryana,Faridabad,Faridabad,121079,28.3253,77.1868,False,None
LOC_00244,West Bengal,Siliguri,Siliguri,734039,26.7719,88.2803,False,None
LOC_00245,Maharashtra,Mumbai,Mumbai,400039,19.0708,72.7195,False,None
LOC_00246,Telangana,Warangal,Warangal,506018,17.9355,79.5554,False,None
LOC_00247,Bihar,Muzaffarpur,Muzaffarpur,842070,26.0966,85.4374,False,None
LOC_00248,Karnataka,Mysuru,Mysuru,570013,12.3959,76.6741,False,None
LOC_00249,Uttar Pradesh,Noida,Noida,201348,28.4507,77.3744,False,None
LOC_00250,Telangana,Secunderabad,Secunderabad,500015,17.5842,78.4585,False,None
LOC_00251,Tamil Nadu,Coimbatore,Coimbatore,641008,10.9862,76.8627,False,None
LOC_00252,Delhi,Dwarka,Dwarka,110086,28.6409,77.0885,False,None
LOC_00253,Jharkhand,Ranchi,Ranchi,834007,23.4301,85.2327,False,None
LOC_00254,Karnataka,Hubballi,Hubballi,580046,15.2353,75.2035,False,None
LOC_00255,Telangana,Warangal,Warangal,506028,18.0628,79.514,False,None
LOC_00256,Karnataka,Hubballi,Hubballi,580020,15.2979,75.2692,False,None
LOC_00257,Karnataka,Hubballi,Hubballi,580052,15.4543,75.007,False,None
LOC_00258,Maharashtra,Mumbai,Mumbai,400002,18.8795,72.9212,False,None
LOC_00259,Jharkhand,Jamshedpur,Jamshedpur,831003,22.7069,86.0686,False,None
LOC_00260,Bihar,Gaya,Gaya,823068,24.6755,84.8693,False,None
LOC_00261,West Bengal,Bidhannagar,Bidhannagar,700156,22.6085,88.403,False,None
LOC_00262,Telangana,Warangal,Warangal,506006,18.0371,79.7167,False,None
LOC_00263,Tamil Nadu,Madurai,Madurai,625039,9.9126,78.259,False,None
LOC_00264,Maharashtra,Pune,Pune,411052,18.4983,73.7391,False,None
LOC_00265,Bihar,Gaya,Gaya,823010,24.9112,84.9468,False,None
LOC_00266,Karnataka,Bengaluru,Bengaluru,560017,12.9041,77.6345,False,None
LOC_00267,Haryana,Ambala,Ambala,133042,30.3425,76.8059,False,None
LOC_00268,Uttar Pradesh,Lucknow,Lucknow,226065,26.8783,80.826,False,None
LOC_00269,Bihar,Patna,Patna,800071,25.6604,85.0521,False,None
LOC_00270,West Bengal,Kolkata,Kolkata,700053,22.5243,88.3499,False,None
LOC_00271,Gujarat,Vadodara,Vadodara,390013,22.251,73.125,False,None
LOC_00272,Uttar Pradesh,Lucknow,Lucknow,226020,26.9027,80.9385,False,None
LOC_00273,Delhi,New Delhi,New Delhi,110012,28.5935,77.2824,False,None
LOC_00274,Rajasthan,Jaipur,Jaipur,302072,26.7804,75.9243,False,None
LOC_00275,Haryana,Faridabad,Faridabad,121016,28.3821,77.4299,False,None
LOC_00276,Gujarat,Vadodara,Vadodara,390007,22.4477,73.2113,False,None
LOC_00277,Rajasthan,Jaipur,Jaipur,302074,26.9146,75.6837,False,None
LOC_00278,West Bengal,Kolkata,Kolkata,700014,22.5276,88.3808,False,None
LOC_00279,Delhi,Dwarka,Dwarka,110148,28.5099,77.0247,False,None
LOC_00280,Haryana,Ambala,Ambala,133079,30.4307,76.7937,False,None
LOC_00281,Jharkhand,Dhanbad,Dhanbad,826035,23.6544,86.3624,False,None
LOC_00282,Uttar Pradesh,Lucknow,Lucknow,226045,26.6985,81.0572,False,None
LOC_00283,Jharkhand,Dhanbad,Dhanbad,826052,23.6666,86.5027,False,None
LOC_00284,Maharashtra,Mumbai,Mumbai,400068,18.8365,72.8106,False,None
LOC_00285,Rajasthan,Jaipur,Jaipur,302048,26.8559,75.7346,False,None
LOC_00286,Jharkhand,Dhanbad,Dhanbad,826011,23.9107,86.3271,False,None
LOC_00287,Jharkhand,Ranchi,Ranchi,834011,23.2757,85.3582,False,None
LOC_00288,West Bengal,Siliguri,Siliguri,734057,26.7014,88.31,False,None
LOC_00289,Haryana,Gurugram,Gurugram,122045,28.4385,76.9616,False,None
LOC_00290,Tamil Nadu,Madurai,Madurai,625063,9.9333,78.0623,False,None
LOC_00291,Telangana,Secunderabad,Secunderabad,500079,17.3063,78.4096,False,None
LOC_00292,Telangana,Hyderabad,Hyderabad,500033,17.3218,78.3727,False,None
LOC_00293,West Bengal,Siliguri,Siliguri,734056,26.6298,88.3594,False,None
LOC_00294,Bihar,Patna,Patna,800065,25.6117,85.188,False,None
LOC_00295,Rajasthan,Jaipur,Jaipur,302051,27.0209,75.65,False,None
LOC_00296,Maharashtra,Pune,Pune,411010,18.629,73.8794,False,None
LOC_00297,Jharkhand,Jamshedpur,Jamshedpur,831054,22.7415,86.1744,False,None
LOC_00298,Rajasthan,Jaipur,Jaipur,302080,26.9004,75.8442,False,None
LOC_00299,Rajasthan,Jaipur,Jaipur,302056,27.0157,75.7103,False,None
LOC_00300,Jharkhand,Jamshedpur,Jamshedpur,831068,22.6782,86.3141,False,None
LOC_00301,Bihar,Gaya,Gaya,823029,24.7413,84.9006,False,None
LOC_00302,Haryana,Ambala,Ambala,133015,30.3874,76.6849,False,None
LOC_00303,Rajasthan,Jodhpur,Jodhpur,342019,26.1598,72.9182,False,None
LOC_00304,Telangana,Hyderabad,Hyderabad,500078,17.2809,78.5644,False,None
LOC_00305,Delhi,New Delhi,New Delhi,110081,28.6121,77.2853,False,None
LOC_00306,Jharkhand,Jamshedpur,Jamshedpur,831073,22.8475,86.3489,False,None
LOC_00307,Rajasthan,Kota,Kota,324041,25.1091,75.7353,False,None
LOC_00308,West Bengal,Siliguri,Siliguri,734039,26.816,88.4227,False,None
LOC_00309,Rajasthan,Kota,Kota,324010,25.1569,75.8504,False,None
LOC_00310,Maharashtra,Pune,Pune,411037,18.3934,73.966,False,None
LOC_00311,Delhi,Rohini,Rohini,110161,28.7516,77.0453,False,None
LOC_00312,Haryana,Ambala,Ambala,133006,30.3631,76.8696,False,None
LOC_00313,Tamil Nadu,Chennai,Chennai,600042,13.1142,80.2711,False,None
LOC_00314,Maharashtra,Pune,Pune,411014,18.6137,73.9579,False,None
LOC_00315,Bihar,Patna,Patna,800065,25.6379,84.9993,False,None
LOC_00316,Bihar,Gaya,Gaya,823057,24.7986,85.0331,False,None
LOC_00317,Rajasthan,Jodhpur,Jodhpur,342037,26.2051,73.1066,False,None
LOC_00318,Tamil Nadu,Madurai,Madurai,625007,10.012,78.164,False,None
LOC_00319,Delhi,Dwarka,Dwarka,110087,28.6095,77.012,False,None
LOC_00320,Uttar Pradesh,Kanpur,Kanpur,208078,26.5619,80.2819,False,None
LOC_00321,Jharkhand,Dhanbad,Dhanbad,826019,23.9207,86.3735,False,None
LOC_00322,Tamil Nadu,Madurai,Madurai,625051,9.8139,78.1825,False,None
LOC_00323,Delhi,Dwarka,Dwarka,110146,28.5551,77.1335,False,None
LOC_00324,Karnataka,Hubballi,Hubballi,580087,15.2427,75.1751,False,None
LOC_00325,Haryana,Faridabad,Faridabad,121003,28.3677,77.2219,False,None
LOC_00326,Telangana,Secunderabad,Secunderabad,500065,17.3475,78.6483,False,None
LOC_00327,Karnataka,Bengaluru,Bengaluru,560038,13.0749,77.4749,False,None
LOC_00328,Haryana,Ambala,Ambala,133068,30.2395,76.7277,False,None
LOC_00329,Jharkhand,Ranchi,Ranchi,834077,23.3071,85.2083,False,None
LOC_00330,Bihar,Muzaffarpur,Muzaffarpur,842022,26.1873,85.2278,False,None
LOC_00331,Rajasthan,Kota,Kota,324031,25.3547,75.898,False,None
LOC_00332,Bihar,Gaya,Gaya,823030,24.8016,84.943,False,None
LOC_00333,West Bengal,Kolkata,Kolkata,700048,22.6261,88.385,False,None
LOC_00334,West Bengal,Bidhannagar,Bidhannagar,700127,22.6638,88.4183,False,None
LOC_00335,Gujarat,Ahmedabad,Ahmedabad,380026,23.1129,72.4629,False,None
LOC_00336,Uttar Pradesh,Noida,Noida,201362,28.6477,77.4074,False,None
LOC_00337,Delhi,Rohini,Rohini,110151,28.8548,76.992,False,None
LOC_00338,Karnataka,Mysuru,Mysuru,570058,12.4174,76.5336,False,None
LOC_00339,Gujarat,Ahmedabad,Ahmedabad,380029,23.1175,72.6868,False,None
LOC_00340,Maharashtra,Pune,Pune,411007,18.4893,73.8189,False,None
LOC_00341,Gujarat,Ahmedabad,Ahmedabad,380048,22.9399,72.517,False,None
LOC_00342,Delhi,Rohini,Rohini,110127,28.8369,76.9478,False,None
LOC_00343,Uttar Pradesh,Lucknow,Lucknow,226018,26.9244,80.9369,False,None
LOC_00344,Jharkhand,Ranchi,Ranchi,834011,23.1998,85.2243,False,None
LOC_00345,Karnataka,Hubballi,Hubballi,580097,15.373,75.0074,False,None
LOC_00346,Uttar Pradesh,Noida,Noida,201339,28.4221,77.3125,False,None
LOC_00347,Tamil Nadu,Madurai,Madurai,625059,9.794,78.2208,False,None
LOC_00348,West Bengal,Siliguri,Siliguri,734069,26.582,88.3999,False,None
LOC_00349,Telangana,Warangal,Warangal,506019,17.9063,79.4446,False,None
LOC_00350,Rajasthan,Jaipur,Jaipur,302074,26.8874,75.8366,False,None
LOC_00351,Delhi,Rohini,Rohini,110131,28.6198,77.0643,False,None
LOC_00352,Haryana,Ambala,Ambala,133071,30.2343,76.8887,False,None
LOC_00353,Maharashtra,Nagpur,Nagpur,440050,21.2901,79.0143,False,None
LOC_00354,Maharashtra,Pune,Pune,411009,18.4738,73.9266,False,None
LOC_00355,Tamil Nadu,Chennai,Chennai,600075,13.1533,80.2205,False,None
LOC_00356,Maharashtra,Pune,Pune,411070,18.472,73.8995,False,None
LOC_00357,Tamil Nadu,Coimbatore,Coimbatore,641062,11.0563,77.0492,False,None
LOC_00358,Delhi,Rohini,Rohini,110143,28.6106,76.967,False,None
LOC_00359,Telangana,Hyderabad,Hyderabad,500041,17.515,78.4913,False,None
LOC_00360,Haryana,Faridabad,Faridabad,121033,28.2699,77.3619,False,None
LOC_00361,Uttar Pradesh,Lucknow,Lucknow,226007,26.9564,80.8958,False,None
LOC_00362,Delhi,Dwarka,Dwarka,110130,28.7089,77.119,False,None
LOC_00363,Gujarat,Surat,Surat,395024,21.1691,72.8304,False,None
LOC_00364,Haryana,Faridabad,Faridabad,121011,28.477,77.1915,False,None
LOC_00365,Jharkhand,Ranchi,Ranchi,834070,23.2822,85.1904,False,None
LOC_00366,Rajasthan,Kota,Kota,324038,25.1557,75.8956,False,None
LOC_00367,Gujarat,Ahmedabad,Ahmedabad,380057,22.978,72.4341,False,None
LOC_00368,Rajasthan,Kota,Kota,324056,25.1462,76.0088,False,None
LOC_00369,Maharashtra,Mumbai,Mumbai,400052,18.881,72.925,False,None
LOC_00370,Tamil Nadu,Chennai,Chennai,600004,12.9755,80.303,False,None
LOC_00371,West Bengal,Kolkata,Kolkata,700017,22.4428,88.4475,False,None
LOC_00372,Rajasthan,Jodhpur,Jodhpur,342050,26.3737,72.884,False,None
LOC_00373,Karnataka,Hubballi,Hubballi,580077,15.4993,75.0856,False,None
LOC_00374,Delhi,Rohini,Rohini,110102,28.7583,77.0259,False,None
LOC_00375,Tamil Nadu,Coimbatore,Coimbatore,641032,11.155,76.8136,False,None
LOC_00376,Karnataka,Mysuru,Mysuru,570067,12.2619,76.6579,False,None
LOC_00377,Uttar Pradesh,Lucknow,Lucknow,226058,26.7611,80.9798,False,None
LOC_00378,Bihar,Gaya,Gaya,823026,24.6782,85.106,False,None
LOC_00379,West Bengal,Kolkata,Kolkata,700057,22.7218,88.4571,False,None
LOC_00380,Rajasthan,Kota,Kota,324045,25.2767,75.8798,False,None
LOC_00381,Uttar Pradesh,Lucknow,Lucknow,226021,26.9102,81.0744,False,None
LOC_00382,Tamil Nadu,Chennai,Chennai,600047,13.0853,80.1571,False,None
LOC_00383,Telangana,Hyderabad,Hyderabad,500031,17.4721,78.3446,False,None
LOC_00384,Haryana,Ambala,Ambala,133048,30.3684,76.9216,False,None
LOC_00385,Karnataka,Hubballi,Hubballi,580031,15.2344,75.0934,False,None
LOC_00386,Bihar,Muzaffarpur,Muzaffarpur,842062,26.1286,85.4454,False,None
LOC_00387,Jharkhand,Ranchi,Ranchi,834017,23.4858,85.3523,False,None
LOC_00388,West Bengal,Bidhannagar,Bidhannagar,700157,22.5338,88.5308,False,None
LOC_00389,Haryana,Ambala,Ambala,133076,30.2828,76.9166,False,None
LOC_00390,Gujarat,Vadodara,Vadodara,390008,22.4066,73.1866,False,None
LOC_00391,Uttar Pradesh,Noida,Noida,201321,28.4823,77.4538,False,None
LOC_00392,Rajasthan,Kota,Kota,324037,25.3176,75.79,False,None
LOC_00393,Tamil Nadu,Madurai,Madurai,625036,9.8128,78.0606,False,None
LOC_00394,Haryana,Gurugram,Gurugram,122065,28.5018,77.0541,False,None
LOC_00395,Jharkhand,Ranchi,Ranchi,834022,23.3917,85.3758,False,None
LOC_00396,Jharkhand,Jamshedpur,Jamshedpur,831073,22.667,86.312,False,None
LOC_00397,Delhi,New Delhi,New Delhi,110074,28.5433,77.1222,False,None
LOC_00398,Jharkhand,Jamshedpur,Jamshedpur,831080,22.8463,86.2023,False,None
LOC_00399,Tamil Nadu,Madurai,Madurai,625038,9.9678,78.0604,False,None
LOC_00400,Telangana,Warangal,Warangal,506052,17.9081,79.466,False,None
LOC_00401,Maharashtra,Mumbai,Mumbai,400057,18.8967,72.824,False,None
LOC_00402,Rajasthan,Kota,Kota,324019,25.1576,75.9303,False,None
LOC_00403,Bihar,Gaya,Gaya,823052,24.6806,84.9614,False,None
LOC_00404,Haryana,Gurugram,Gurugram,122041,28.382,76.9134,False,None
LOC_00405,West Bengal,Kolkata,Kolkata,700019,22.4516,88.301,False,None
LOC_00406,Gujarat,Vadodara,Vadodara,390054,22.2317,73.2908,False,None
LOC_00407,Karnataka,Mysuru,Mysuru,570074,12.3621,76.5464,False,None
LOC_00408,Karnataka,Mysuru,Mysuru,570066,12.2858,76.7531,False,None
LOC_00409,West Bengal,Kolkata,Kolkata,700012,22.7062,88.3655,False,None
LOC_00410,Telangana,Hyderabad,Hyderabad,500075,17.3409,78.3519,False,None
LOC_00411,West Bengal,Siliguri,Siliguri,734061,26.6628,88.2478,False,None
LOC_00412,Delhi,Dwarka,Dwarka,110092,28.7068,77.1143,False,None
LOC_00413,Gujarat,Surat,Surat,395006,21.1404,72.8522,False,None
LOC_00414,Telangana,Secunderabad,Secunderabad,500073,17.3765,78.4642,False,None
LOC_00415,West Bengal,Siliguri,Siliguri,734036,26.8247,88.4323,False,None
LOC_00416,Jharkhand,Ranchi,Ranchi,834017,23.4866,85.2778,False,None
LOC_00417,Rajasthan,Kota,Kota,324047,25.2903,75.7745,False,None
LOC_00418,Haryana,Faridabad,Faridabad,121065,28.271,77.1795,False,None
LOC_00419,Bihar,Gaya,Gaya,823061,24.7972,84.8949,False,None
LOC_00420,Haryana,Gurugram,Gurugram,122042,28.5889,76.9722,False,None
LOC_00421,Gujarat,Vadodara,Vadodara,390039,22.3353,73.1834,False,None
LOC_00422,Haryana,Ambala,Ambala,133063,30.4408,76.7166,False,None
LOC_00423,Maharashtra,Pune,Pune,411043,18.5725,74.0007,False,None
LOC_00424,Jharkhand,Jamshedpur,Jamshedpur,831081,22.6626,86.1953,False,None
LOC_00425,Tamil Nadu,Madurai,Madurai,625074,9.8435,77.9852,False,None
LOC_00426,West Bengal,Kolkata,Kolkata,700068,22.6113,88.3998,False,None
LOC_00427,Gujarat,Ahmedabad,Ahmedabad,380032,22.882,72.7059,False,None
LOC_00428,Delhi,New Delhi,New Delhi,110003,28.5962,77.1846,False,None
LOC_00429,Gujarat,Vadodara,Vadodara,390027,22.2803,73.2637,False,None
LOC_00430,West Bengal,Siliguri,Siliguri,734008,26.7888,88.4009,False,None
LOC_00431,Haryana,Faridabad,Faridabad,121062,28.4165,77.2619,False,None
LOC_00432,Karnataka,Mysuru,Mysuru,570069,12.2485,76.5957,False,None
LOC_00433,Bihar,Muzaffarpur,Muzaffarpur,842034,26.1539,85.2724,False,None
LOC_00434,Telangana,Secunderabad,Secunderabad,500074,17.3794,78.6307,False,None
LOC_00435,Uttar Pradesh,Lucknow,Lucknow,226027,26.9038,80.9429,False,None
LOC_00436,West Bengal,Bidhannagar,Bidhannagar,700162,22.7105,88.506,False,None
LOC_00437,Uttar Pradesh,Lucknow,Lucknow,226016,26.8687,80.9592,False,None
LOC_00438,Gujarat,Surat,Surat,395019,21.1073,72.7674,False,None
LOC_00439,Bihar,Patna,Patna,800045,25.7213,85.1844,False,None
LOC_00440,Bihar,Gaya,Gaya,823028,24.702,85.0118,False,None
LOC_00441,Haryana,Ambala,Ambala,133035,30.2694,76.8114,False,None
LOC_00442,Jharkhand,Ranchi,Ranchi,834032,23.2093,85.4312,False,None
LOC_00443,Telangana,Warangal,Warangal,506030,17.8346,79.5681,False,None
LOC_00444,Bihar,Gaya,Gaya,823013,24.8458,84.8914,False,None
LOC_00445,Haryana,Gurugram,Gurugram,122053,28.5054,77.1408,False,None
LOC_00446,West Bengal,Bidhannagar,Bidhannagar,700116,22.6572,88.3536,False,None
LOC_00447,Uttar Pradesh,Kanpur,Kanpur,208008,26.5723,80.2087,False,None
LOC_00448,Jharkhand,Ranchi,Ranchi,834069,23.4157,85.4147,False,None
LOC_00449,Maharashtra,Mumbai,Mumbai,400054,19.0367,72.7374,False,None
LOC_00450,Maharashtra,Pune,Pune,411064,18.4263,73.9314,False,None
LOC_00451,Uttar Pradesh,Noida,Noida,201302,28.475,77.4218,False,None
LOC_00452,Rajasthan,Jodhpur,Jodhpur,342059,26.3856,73.0373,False,None
LOC_00453,West Bengal,Kolkata,Kolkata,700065,22.563,88.2717,False,None
LOC_00454,Delhi,Dwarka,Dwarka,110095,28.6614,77.0905,False,None
LOC_00455,Bihar,Patna,Patna,800002,25.6651,85.2248,False,None
LOC_00456,Jharkhand,Dhanbad,Dhanbad,826025,23.6983,86.5372,False,None
LOC_00457,Gujarat,Surat,Surat,395066,21.1186,72.8013,False,None
LOC_00458,Delhi,New Delhi,New Delhi,110018,28.6071,77.3397,False,None
LOC_00459,Maharashtra,Pune,Pune,411050,18.4411,73.9328,False,None
LOC_00460,Rajasthan,Jodhpur,Jodhpur,342075,26.3058,72.8777,False,None
LOC_00461,Tamil Nadu,Coimbatore,Coimbatore,641031,10.8854,76.8413,False,None
LOC_00462,Uttar Pradesh,Noida,Noida,201352,28.5913,77.5179,False,None
LOC_00463,Bihar,Gaya,Gaya,823016,24.833,85.1324,False,None
LOC_00464,Rajasthan,Kota,Kota,324029,25.1295,75.7549,False,None
LOC_00465,Karnataka,Mysuru,Mysuru,570078,12.2579,76.7,False,None
LOC_00466,West Bengal,Siliguri,Siliguri,734028,26.8057,88.4494,False,None
LOC_00467,Jharkhand,Ranchi,Ranchi,834068,23.3281,85.3707,False,None
LOC_00468,Delhi,Rohini,Rohini,110099,28.618,77.0708,False,None
LOC_00469,Haryana,Gurugram,Gurugram,122074,28.4705,76.926,False,None
LOC_00470,Haryana,Faridabad,Faridabad,121015,28.463,77.3829,False,None
LOC_00471,West Bengal,Kolkata,Kolkata,700066,22.5562,88.2306,False,None
LOC_00472,Karnataka,Hubballi,Hubballi,580073,15.3517,74.9913,False,None
LOC_00473,West Bengal,Siliguri,Siliguri,734040,26.7941,88.3641,False,None
LOC_00474,Maharashtra,Nagpur,Nagpur,440028,21.1693,78.9518,False,None
LOC_00475,Rajasthan,Kota,Kota,324009,25.2261,75.7329,False,None
LOC_00476,Delhi,Dwarka,Dwarka,110079,28.5282,76.95,False,None
LOC_00477,Karnataka,Hubballi,Hubballi,580073,15.327,75.2414,False,None
LOC_00478,West Bengal,Bidhannagar,Bidhannagar,700139,22.4545,88.5566,False,None
LOC_00479,Haryana,Gurugram,Gurugram,122045,28.3451,77.1745,False,None
LOC_00480,Gujarat,Vadodara,Vadodara,390017,22.3756,73.098,False,None
LOC_00481,Maharashtra,Mumbai,Mumbai,400039,18.9109,72.9004,False,None
LOC_00482,Gujarat,Vadodara,Vadodara,390049,22.4042,73.1055,False,None
LOC_00483,Rajasthan,Jaipur,Jaipur,302036,26.8189,75.8999,False,None
LOC_00484,Delhi,New Delhi,New Delhi,110054,28.6484,77.3399,False,None
LOC_00485,Maharashtra,Mumbai,Mumbai,400027,18.7922,72.8629,False,None
LOC_00486,West Bengal,Siliguri,Siliguri,734007,26.6505,88.2586,False,None
LOC_00487,West Bengal,Kolkata,Kolkata,700070,22.4878,88.473,False,None
LOC_00488,Maharashtra,Mumbai,Mumbai,400065,19.07,72.7549,False,None
LOC_00489,Bihar,Muzaffarpur,Muzaffarpur,842041,26.1441,85.4465,False,None
LOC_00490,Rajasthan,Jaipur,Jaipur,302039,27.0253,75.933,False,None
LOC_00491,Haryana,Gurugram,Gurugram,122053,28.3997,76.8949,False,None
LOC_00492,Jharkhand,Dhanbad,Dhanbad,826023,23.8335,86.4086,False,None
LOC_00493,West Bengal,Kolkata,Kolkata,700045,22.7051,88.4153,False,None
LOC_00494,Haryana,Faridabad,Faridabad,121054,28.3814,77.2578,False,None
LOC_00495,Karnataka,Hubballi,Hubballi,580080,15.287,75.0416,False,None
LOC_00496,Bihar,Patna,Patna,800060,25.7185,85.1563,False,None
LOC_00497,Gujarat,Vadodara,Vadodara,390068,22.1974,73.1041,False,None
LOC_00498,Telangana,Secunderabad,Secunderabad,500013,17.5666,78.6024,False,None
LOC_00499,Delhi,Rohini,Rohini,110109,28.615,77.0197,False,None
LOC_00500,Jharkhand,Dhanbad,Dhanbad,826006,23.9078,86.3368,False,None
