cluster_id,cluster_type,core_hotspot_id,member_account_count,member_device_count,total_flow_amount,detected_patterns,risk_severity
CLUSTER_0001,MULE_RING_CHAIN,LOC_00001,7,6,3982967.5199999996,MULE_RING_CHAIN,CRITICAL
CLUSTER_0002,MANY_TO_ONE_FUNNEL,LOC_00002,6,6,1584850.7599999998,MANY_TO_ONE_FUNNEL,HIGH
CLUSTER_0003,ONE_TO_MANY_SMURFING,LOC_00003,12,5,2861274.39,ONE_TO_MANY_SMURFING,HIGH
CLUSTER_0004,RAPID_CASHOUT_RING,LOC_00004,11,2,4514192.679999999,RAPID_CASHOUT_RING,HIGH
CLUSTER_0005,DIGITAL_ARREST_SYNDICATE,LOC_00005,10,2,4011420.4799999995,DIGITAL_ARREST_SYNDICATE,CRITICAL
CLUSTER_0006,TASK_SCAM_SYNDICATE,LOC_00006,10,6,2747031.1699999995,TASK_SCAM_SYNDICATE,HIGH
CLUSTER_0007,MULE_RING_CHAIN,LOC_00007,4,2,4467585.81,MULE_RING_CHAIN,CRITICAL
CLUSTER_0008,MANY_TO_ONE_FUNNEL,LOC_00001,10,4,2454331.8600000003,MANY_TO_ONE_FUNNEL,HIGH
CLUSTER_0009,ONE_TO_MANY_SMURFING,LOC_00002,10,3,3087788.5100000002,ONE_TO_MANY_SMURFING,HIGH
CLUSTER_0010,RAPID_CASHOUT_RING,LOC_00003,8,5,3623811.809999999,RAPID_CASHOUT_RING,HIGH
CLUSTER_0011,DIGITAL_ARREST_SYNDICATE,LOC_00004,11,4,2813740.2500000005,DIGITAL_ARREST_SYNDICATE,CRITICAL
CLUSTER_0012,TASK_SCAM_SYNDICATE,LOC_00005,10,5,3999175.2699999986,TASK_SCAM_SYNDICATE,HIGH
CLUSTER_0013,MULE_RING_CHAIN,LOC_00006,11,3,1624258.23,MULE_RING_CHAIN,CRITICAL
CLUSTER_0014,MANY_TO_ONE_FUNNEL,LOC_00007,12,3,3638334.58,MANY_TO_ONE_FUNNEL,HIGH
CLUSTER_0015,ONE_TO_MANY_SMURFING,LOC_00001,10,5,3621473.7,ONE_TO_MANY_SMURFING,HIGH
CLUSTER_0016,RAPID_CASHOUT_RING,LOC_00002,4,3,2878895.54,RAPID_CASHOUT_RING,HIGH
CLUSTER_0017,DIGITAL_ARREST_SYNDICATE,LOC_00003,9,4,2806561.7099999995,DIGITAL_ARREST_SYNDICATE,CRITICAL
CLUSTER_0018,TASK_SCAM_SYNDICATE,LOC_00004,11,5,3783846.1500000004,TASK_SCAM_SYNDICATE,HIGH
CLUSTER_0019,MULE_RING_CHAIN,LOC_00005,10,3,3381638.0,MULE_RING_CHAIN,CRITICAL
CLUSTER_0020,MANY_TO_ONE_FUNNEL,LOC_00006,4,5,3429727.02,MANY_TO_ONE_FUNNEL,HIGH
CLUSTER_0021,ONE_TO_MANY_SMURFING,LOC_00007,8,3,2910044.4899999998,ONE_TO_MANY_SMURFING,HIGH
CLUSTER_0022,RAPID_CASHOUT_RING,LOC_00001,8,4,1993224.1799999997,RAPID_CASHOUT_RING,HIGH
CLUSTER_0023,DIGITAL_ARREST_SYNDICATE,LOC_00002,8,6,4669973.090000001,DIGITAL_ARREST_SYNDICATE,CRITICAL
CLUSTER_0024,TASK_SCAM_SYNDICATE,LOC_00003,7,4,3030631.8700000006,TASK_SCAM_SYNDICATE,HIGH
CLUSTER_0025,MULE_RING_CHAIN,LOC_00004,12,2,2519163.83,MULE_RING_CHAIN,CRITICAL
CLUSTER_0026,MANY_TO_ONE_FUNNEL,LOC_00005,7,3,3187904.2700000005,MANY_TO_ONE_FUNNEL,HIGH
CLUSTER_0027,ONE_TO_MANY_SMURFING,LOC_00006,10,4,4127544.9599999995,ONE_TO_MANY_SMURFING,HIGH
CLUSTER_0028,RAPID_CASHOUT_RING,LOC_00007,6,4,3388474.05,RAPID_CASHOUT_RING,HIGH
CLUSTER_0029,DIGITAL_ARREST_SYNDICATE,LOC_00001,12,3,2816723.8699999996,DIGITAL_ARREST_SYNDICATE,CRITICAL
CLUSTER_0030,TASK_SCAM_SYNDICATE,LOC_00002,9,2,5062004.0,TASK_SCAM_SYNDICATE,HIGH
CLUSTER_0031,MULE_RING_CHAIN,LOC_00003,8,2,1939490.6600000001,MULE_RING_CHAIN,CRITICAL
CLUSTER_0032,MANY_TO_ONE_FUNNEL,LOC_00004,7,2,2974128.1999999997,MANY_TO_ONE_FUNNEL,HIGH
CLUSTER_0033,ONE_TO_MANY_SMURFING,LOC_00005,9,3,3414246.64,ONE_TO_MANY_SMURFING,HIGH
CLUSTER_0034,RAPID_CASHOUT_RING,LOC_00006,9,5,2745158.0700000003,RAPID_CASHOUT_RING,HIGH
CLUSTER_0035,DIGITAL_ARREST_SYNDICATE,LOC_00007,10,4,2696206.4600000004,DIGITAL_ARREST_SYNDICATE,CRITICAL
CLUSTER_0036,TASK_SCAM_SYNDICATE,LOC_00001,8,3,3561953.2399999998,TASK_SCAM_SYNDICATE,HIGH
CLUSTER_0037,MULE_RING_CHAIN,LOC_00002,5,6,4056138.7200000007,MULE_RING_CHAIN,CRITICAL
CLUSTER_0038,MANY_TO_ONE_FUNNEL,LOC_00003,7,4,4052904.42,MANY_TO_ONE_FUNNEL,HIGH
CLUSTER_0039,ONE_TO_MANY_SMURFING,LOC_00004,11,6,3012284.38,ONE_TO_MANY_SMURFING,HIGH
CLUSTER_0040,RAPID_CASHOUT_RING,LOC_00005,9,2,3152914.9200000004,RAPID_CASHOUT_RING,HIGH
CLUSTER_0041,DIGITAL_ARREST_SYNDICATE,LOC_00006,8,4,1686258.34,DIGITAL_ARREST_SYNDICATE,CRITICAL
CLUSTER_0042,TASK_SCAM_SYNDICATE,LOC_00007,9,4,3953061.1299999994,TASK_SCAM_SYNDICATE,HIGH
CLUSTER_0043,MULE_RING_CHAIN,LOC_00001,5,4,3080136.99,MULE_RING_CHAIN,CRITICAL
CLUSTER_0044,MANY_TO_ONE_FUNNEL,LOC_00002,12,5,4322271.100000001,MANY_TO_ONE_FUNNEL,HIGH
CLUSTER_0045,ONE_TO_MANY_SMURFING,LOC_00003,10,3,3303362.23,ONE_TO_MANY_SMURFING,HIGH
CLUSTER_0046,RAPID_CASHOUT_RING,LOC_00004,5,6,3816793.1300000004,RAPID_CASHOUT_RING,HIGH
CLUSTER_0047,DIGITAL_ARREST_SYNDICATE,LOC_00005,5,5,2146793.18,DIGITAL_ARREST_SYNDICATE,CRITICAL
CLUSTER_0048,TASK_SCAM_SYNDICATE,LOC_00006,9,4,2437723.829999999,TASK_SCAM_SYNDICATE,HIGH
CLUSTER_0049,MULE_RING_CHAIN,LOC_00007,11,5,2005829.62,MULE_RING_CHAIN,CRITICAL
CLUSTER_0050,MANY_TO_ONE_FUNNEL,LOC_00001,11,4,2377667.9699999997,MANY_TO_ONE_FUNNEL,HIGH
CLUSTER_0051,ONE_TO_MANY_SMURFING,LOC_00002,10,5,3186313.97,ONE_TO_MANY_SMURFING,HIGH
CLUSTER_0052,RAPID_CASHOUT_RING,LOC_00003,6,6,3300567.74,RAPID_CASHOUT_RING,HIGH
CLUSTER_0053,DIGITAL_ARREST_SYNDICATE,LOC_00004,9,3,2895630.89,DIGITAL_ARREST_SYNDICATE,CRITICAL
CLUSTER_0054,TASK_SCAM_SYNDICATE,LOC_00005,11,3,2716532.120000001,TASK_SCAM_SYNDICATE,HIGH
CLUSTER_0055,MULE_RING_CHAIN,LOC_00006,8,2,2108779.3499999996,MULE_RING_CHAIN,CRITICAL
CLUSTER_0056,MANY_TO_ONE_FUNNEL,LOC_00007,11,2,3656061.7299999995,MANY_TO_ONE_FUNNEL,HIGH
CLUSTER_0057,ONE_TO_MANY_SMURFING,LOC_00001,10,2,4113696.8800000004,ONE_TO_MANY_SMURFING,HIGH
CLUSTER_0058,RAPID_CASHOUT_RING,LOC_00002,4,3,3866058.4399999995,RAPID_CASHOUT_RING,HIGH
CLUSTER_0059,DIGITAL_ARREST_SYNDICATE,LOC_00003,7,6,2934979.94,DIGITAL_ARREST_SYNDICATE,CRITICAL
CLUSTER_0060,TASK_SCAM_SYNDICATE,LOC_00004,9,6,2328103.1199999996,TASK_SCAM_SYNDICATE,HIGH
CLUSTER_0061,MULE_RING_CHAIN,LOC_00005,6,5,2919263.68,MULE_RING_CHAIN,CRITICAL
CLUSTER_0062,MANY_TO_ONE_FUNNEL,LOC_00006,12,3,3002030.9099999997,MANY_TO_ONE_FUNNEL,HIGH
CLUSTER_0063,ONE_TO_MANY_SMURFING,LOC_00007,8,5,3361286.6200000006,ONE_TO_MANY_SMURFING,HIGH
CLUSTER_0064,RAPID_CASHOUT_RING,LOC_00001,6,4,3804292.6600000006,RAPID_CASHOUT_RING,HIGH
CLUSTER_0065,DIGITAL_ARREST_SYNDICATE,LOC_00002,5,5,2090152.47,DIGITAL_ARREST_SYNDICATE,CRITICAL
CLUSTER_0066,TASK_SCAM_SYNDICATE,LOC_00003,10,5,2963949.6,TASK_SCAM_SYNDICATE,HIGH
CLUSTER_0067,MULE_RING_CHAIN,LOC_00004,11,3,3667519.2,MULE_RING_CHAIN,CRITICAL
CLUSTER_0068,MANY_TO_ONE_FUNNEL,LOC_00005,10,5,3214147.06,MANY_TO_ONE_FUNNEL,HIGH
CLUSTER_0069,ONE_TO_MANY_SMURFING,LOC_00006,5,2,2606138.84,ONE_TO_MANY_SMURFING,HIGH
CLUSTER_0070,RAPID_CASHOUT_RING,LOC_00007,11,4,2477022.9300000006,RAPID_CASHOUT_RING,HIGH
CLUSTER_0071,DIGITAL_ARREST_SYNDICATE,LOC_00001,6,4,3192783.830000001,DIGITAL_ARREST_SYNDICATE,CRITICAL
CLUSTER_0072,TASK_SCAM_SYNDICATE,LOC_00002,5,4,3256800.23,TASK_SCAM_SYNDICATE,HIGH
CLUSTER_0073,MULE_RING_CHAIN,LOC_00003,4,5,3273286.7399999998,MULE_RING_CHAIN,CRITICAL
CLUSTER_0074,MANY_TO_ONE_FUNNEL,LOC_00004,6,2,2947019.4,MANY_TO_ONE_FUNNEL,HIGH
CLUSTER_0075,ONE_TO_MANY_SMURFING,LOC_00005,6,6,4188546.42,ONE_TO_MANY_SMURFING,HIGH
CLUSTER_0076,RAPID_CASHOUT_RING,LOC_00006,9,5,3517806.9100000006,RAPID_CASHOUT_RING,HIGH
CLUSTER_0077,DIGITAL_ARREST_SYNDICATE,LOC_00007,4,5,3295174.01,DIGITAL_ARREST_SYNDICATE,CRITICAL
CLUSTER_0078,TASK_SCAM_SYNDICATE,LOC_00001,10,6,2433550.05,TASK_SCAM_SYNDICATE,HIGH
CLUSTER_0079,MULE_RING_CHAIN,LOC_00002,12,6,4524787.12,MULE_RING_CHAIN,CRITICAL
CLUSTER_0080,MANY_TO_ONE_FUNNEL,LOC_00003,7,3,2174831.5999999996,MANY_TO_ONE_FUNNEL,HIGH
CLUSTER_0081,ONE_TO_MANY_SMURFING,LOC_00004,10,2,4533982.239999999,ONE_TO_MANY_SMURFING,HIGH
CLUSTER_0082,RAPID_CASHOUT_RING,LOC_00005,11,5,1849412.33,RAPID_CASHOUT_RING,HIGH
CLUSTER_0083,DIGITAL_ARREST_SYNDICATE,LOC_00006,10,5,2403087.4699999997,DIGITAL_ARREST_SYNDICATE,CRITICAL
CLUSTER_0084,TASK_SCAM_SYNDICATE,LOC_00007,4,5,2607219.53,TASK_SCAM_SYNDICATE,HIGH
CLUSTER_0085,MULE_RING_CHAIN,LOC_00001,6,2,3750264.0199999996,MULE_RING_CHAIN,CRITICAL
CLUSTER_0086,MANY_TO_ONE_FUNNEL,LOC_00002,6,2,3122174.7399999998,MANY_TO_ONE_FUNNEL,HIGH
CLUSTER_0087,ONE_TO_MANY_SMURFING,LOC_00003,6,6,4054984.0900000003,ONE_TO_MANY_SMURFING,HIGH
CLUSTER_0088,RAPID_CASHOUT_RING,LOC_00004,11,5,3831460.2600000002,RAPID_CASHOUT_RING,HIGH
CLUSTER_0089,DIGITAL_ARREST_SYNDICATE,LOC_00005,9,4,3565980.140000001,DIGITAL_ARREST_SYNDICATE,CRITICAL
CLUSTER_0090,TASK_SCAM_SYNDICATE,LOC_00006,4,6,2160060.7199999997,TASK_SCAM_SYNDICATE,HIGH
CLUSTER_0091,MULE_RING_CHAIN,LOC_00007,10,4,2654893.2100000004,MULE_RING_CHAIN,CRITICAL
CLUSTER_0092,MANY_TO_ONE_FUNNEL,LOC_00001,9,3,2615154.4200000004,MANY_TO_ONE_FUNNEL,HIGH
CLUSTER_0093,ONE_TO_MANY_SMURFING,LOC_00002,10,6,3305345.15,ONE_TO_MANY_SMURFING,HIGH
CLUSTER_0094,RAPID_CASHOUT_RING,LOC_00003,8,3,3151551.69,RAPID_CASHOUT_RING,HIGH
CLUSTER_0095,DIGITAL_ARREST_SYNDICATE,LOC_00004,10,4,2997205.65,DIGITAL_ARREST_SYNDICATE,CRITICAL
CLUSTER_0096,TASK_SCAM_SYNDICATE,LOC_00005,5,4,3124970.59,TASK_SCAM_SYNDICATE,HIGH
CLUSTER_0097,MULE_RING_CHAIN,LOC_00006,7,5,4136088.789999999,MULE_RING_CHAIN,CRITICAL
CLUSTER_0098,MANY_TO_ONE_FUNNEL,LOC_00007,12,6,2581952.74,MANY_TO_ONE_FUNNEL,HIGH
CLUSTER_0099,ONE_TO_MANY_SMURFING,LOC_00001,4,5,2693511.7800000003,ONE_TO_MANY_SMURFING,HIGH
CLUSTER_0100,RAPID_CASHOUT_RING,LOC_00002,12,4,3198114.78,RAPID_CASHOUT_RING,HIGH
CLUSTER_0101,DIGITAL_ARREST_SYNDICATE,LOC_00003,8,6,2913429.93,DIGITAL_ARREST_SYNDICATE,CRITICAL
CLUSTER_0102,TASK_SCAM_SYNDICATE,LOC_00004,4,3,4791296.529999998,TASK_SCAM_SYNDICATE,HIGH
CLUSTER_0103,MULE_RING_CHAIN,LOC_00005,10,6,3926085.4499999993,MULE_RING_CHAIN,CRITICAL
CLUSTER_0104,MANY_TO_ONE_FUNNEL,LOC_00006,6,3,3073830.2399999993,MANY_TO_ONE_FUNNEL,HIGH
CLUSTER_0105,ONE_TO_MANY_SMURFING,LOC_00007,5,2,4119927.8399999994,ONE_TO_MANY_SMURFING,HIGH
CLUSTER_0106,RAPID_CASHOUT_RING,LOC_00001,12,2,4779484.67,RAPID_CASHOUT_RING,HIGH
CLUSTER_0107,DIGITAL_ARREST_SYNDICATE,LOC_00002,11,4,2671482.62,DIGITAL_ARREST_SYNDICATE,CRITICAL
CLUSTER_0108,TASK_SCAM_SYNDICATE,LOC_00003,11,4,2719315.8499999996,TASK_SCAM_SYNDICATE,HIGH
CLUSTER_0109,MULE_RING_CHAIN,LOC_00004,12,5,3388835.96,MULE_RING_CHAIN,CRITICAL
CLUSTER_0110,MANY_TO_ONE_FUNNEL,LOC_00005,7,3,2284037.76,MANY_TO_ONE_FUNNEL,HIGH
CLUSTER_0111,ONE_TO_MANY_SMURFING,LOC_00006,12,4,3251223.11,ONE_TO_MANY_SMURFING,HIGH
CLUSTER_0112,RAPID_CASHOUT_RING,LOC_00007,5,5,3680249.44,RAPID_CASHOUT_RING,HIGH
CLUSTER_0113,DIGITAL_ARREST_SYNDICATE,LOC_00001,4,3,2461294.63,DIGITAL_ARREST_SYNDICATE,CRITICAL
CLUSTER_0114,TASK_SCAM_SYNDICATE,LOC_00002,10,4,2838532.3300000005,TASK_SCAM_SYNDICATE,HIGH
CLUSTER_0115,MULE_RING_CHAIN,LOC_00003,8,2,3270574.63,MULE_RING_CHAIN,CRITICAL
CLUSTER_0116,MANY_TO_ONE_FUNNEL,LOC_00004,10,3,3952603.92,MANY_TO_ONE_FUNNEL,HIGH
CLUSTER_0117,ONE_TO_MANY_SMURFING,LOC_00005,4,5,2802553.63,ONE_TO_MANY_SMURFING,HIGH
CLUSTER_0118,RAPID_CASHOUT_RING,LOC_00006,5,6,2439553.16,RAPID_CASHOUT_RING,HIGH
CLUSTER_0119,DIGITAL_ARREST_SYNDICATE,LOC_00007,10,2,2430666.8500000006,DIGITAL_ARREST_SYNDICATE,CRITICAL
CLUSTER_0120,TASK_SCAM_SYNDICATE,LOC_00001,4,3,2118402.11,TASK_SCAM_SYNDICATE,HIGH
CLUSTER_0121,MULE_RING_CHAIN,LOC_00002,10,3,3135758.4399999995,MULE_RING_CHAIN,CRITICAL
CLUSTER_0122,MANY_TO_ONE_FUNNEL,LOC_00003,7,6,2953012.2599999993,MANY_TO_ONE_FUNNEL,HIGH
CLUSTER_0123,ONE_TO_MANY_SMURFING,LOC_00004,8,4,2371139.9,ONE_TO_MANY_SMURFING,HIGH
CLUSTER_0124,RAPID_CASHOUT_RING,LOC_00005,8,3,3433199.48,RAPID_CASHOUT_RING,HIGH
CLUSTER_0125,DIGITAL_ARREST_SYNDICATE,LOC_00006,8,2,1631035.22,DIGITAL_ARREST_SYNDICATE,CRITICAL
CLUSTER_0126,TASK_SCAM_SYNDICATE,LOC_00007,10,2,2914527.75,TASK_SCAM_SYNDICATE,HIGH
CLUSTER_0127,MULE_RING_CHAIN,LOC_00001,10,5,1833333.3,MULE_RING_CHAIN,CRITICAL
CLUSTER_0128,MANY_TO_ONE_FUNNEL,LOC_00002,8,5,2803913.24,MANY_TO_ONE_FUNNEL,HIGH
CLUSTER_0129,ONE_TO_MANY_SMURFING,LOC_00003,9,3,3787098.77,ONE_TO_MANY_SMURFING,HIGH
CLUSTER_0130,RAPID_CASHOUT_RING,LOC_00004,11,2,3305975.1800000006,RAPID_CASHOUT_RING,HIGH
CLUSTER_0131,DIGITAL_ARREST_SYNDICATE,LOC_00005,4,3,4486304.29,DIGITAL_ARREST_SYNDICATE,CRITICAL
CLUSTER_0132,TASK_SCAM_SYNDICATE,LOC_00006,7,2,2159105.48,TASK_SCAM_SYNDICATE,HIGH
CLUSTER_0133,MULE_RING_CHAIN,LOC_00007,4,2,3949662.7300000004,MULE_RING_CHAIN,CRITICAL
CLUSTER_0134,MANY_TO_ONE_FUNNEL,LOC_00001,12,6,1896911.47,MANY_TO_ONE_FUNNEL,HIGH
CLUSTER_0135,ONE_TO_MANY_SMURFING,LOC_00002,12,6,3791207.16,ONE_TO_MANY_SMURFING,HIGH
CLUSTER_0136,RAPID_CASHOUT_RING,LOC_00003,6,2,4502687.44,RAPID_CASHOUT_RING,HIGH
CLUSTER_0137,DIGITAL_ARREST_SYNDICATE,LOC_00004,7,6,3736245.630000001,DIGITAL_ARREST_SYNDICATE,CRITICAL
CLUSTER_0138,TASK_SCAM_SYNDICATE,LOC_00005,8,3,2867063.95,TASK_SCAM_SYNDICATE,HIGH
CLUSTER_0139,MULE_RING_CHAIN,LOC_00006,6,3,2131356.25,MULE_RING_CHAIN,CRITICAL
CLUSTER_0140,MANY_TO_ONE_FUNNEL,LOC_00007,6,6,2512269.68,MANY_TO_ONE_FUNNEL,HIGH
