outlet_id,bank_name,bank_code,outlet_type,bank_category,center_city,district,state,pincode,population_group,latitude,longitude,h3_cell_res7,is_operational,cash_dispenser_active,is_hotspot_adjacent
RBI_OUTLET_000001,State Bank of India,SBI,ON_SITE_ATM,PUBLIC_SECTOR,Mumbai,Mumbai City,Maharashtra,400001,METROPOLITAN,18.923351,72.8347,87608b030ffffff,True,True,False
RBI_OUTLET_000002,Punjab National Bank,PNB,OFF_SITE_ATM,PUBLIC_SECTOR,Mumbai,Mumbai City,Maharashtra,400001,METROPOLITAN,18.923914,72.835538,87608b036ffffff,True,True,False
RBI_OUTLET_000003,Bank of Baroda,BOB,CASH_RECYCLER,PUBLIC_SECTOR,Mumbai,Mumbai City,Maharashtra,400001,METROPOLITAN,18.923975,72.836788,87608b036ffffff,True,True,False
RBI_OUTLET_000004,Canara Bank,CANARA,BANK_BRANCH,PUBLIC_SECTOR,Mumbai,Mumbai City,Maharashtra,400001,METROPOLITAN,18.923345,72.838131,87608b036ffffff,True,False,False
RBI_OUTLET_000005,Union Bank of India,UBI,ON_SITE_ATM,PUBLIC_SECTOR,Mumbai,Mumbai City,Maharashtra,400001,METROPOLITAN,18.922,72.839176,87608b036ffffff,True,True,False
RBI_OUTLET_000006,HDFC Bank,HDFC,OFF_SITE_ATM,PRIVATE_SECTOR,Mumbai,Mumbai City,Maharashtra,400001,METROPOLITAN,18.920104,72.839539,87608b036ffffff,True,True,False
RBI_OUTLET_000007,ICICI Bank,ICICI,CASH_RECYCLER,PRIVATE_SECTOR,Mumbai,Mumbai City,Maharashtra,400001,METROPOLITAN,18.917987,72.838943,87608b036ffffff,True,True,False
RBI_OUTLET_000008,Axis Bank,AXIS,BANK_BRANCH,PRIVATE_SECTOR,Mumbai,Mumbai City,Maharashtra,400001,METROPOLITAN,18.916091,72.837288,87608b030ffffff,True,False,False
RBI_OUTLET_000009,Kotak Mahindra Bank,KOTAK,ON_SITE_ATM,PRIVATE_SECTOR,Mumbai,Mumbai City,Maharashtra,400001,METROPOLITAN,18.914883,72.8347,87608b030ffffff,True,True,False
RBI_OUTLET_000010,IndusInd Bank,INDUS,OFF_SITE_ATM,PRIVATE_SECTOR,Mumbai,Mumbai City,Maharashtra,400001,METROPOLITAN,18.914759,72.831529,87608b030ffffff,True,True,False
RBI_OUTLET_000011,AU Small Finance Bank,AU_SFB,CASH_RECYCLER,SMALL_FINANCE,Mumbai,Mumbai City,Maharashtra,400001,METROPOLITAN,18.915948,72.828302,87608b030ffffff,True,True,False
RBI_OUTLET_000012,Tata Indicash White-Label,INDICASH,WHITE_LABEL_ATM,WHITE_LABEL,Mumbai,Mumbai City,Maharashtra,400001,METROPOLITAN,18.918449,72.825637,87608b030ffffff,True,True,False
RBI_OUTLET_000013,India1 Payments WLA,INDIA1,ON_SITE_ATM,WHITE_LABEL,Mumbai,Mumbai City,Maharashtra,400001,METROPOLITAN,18.922,72.824129,87608b030ffffff,True,True,False
RBI_OUTLET_000014,State Bank of India,SBI,OFF_SITE_ATM,PUBLIC_SECTOR,Mumbai,Mumbai City,Maharashtra,400001,METROPOLITAN,18.926103,72.82423,87608b030ffffff,True,True,False
RBI_OUTLET_000015,Punjab National Bank,PNB,CASH_RECYCLER,PUBLIC_SECTOR,Mumbai,Mumbai City,Maharashtra,400001,METROPOLITAN,18.93009,72.826148,87608b032ffffff,True,True,False
RBI_OUTLET_000016,Bank of Baroda,BOB,BANK_BRANCH,PUBLIC_SECTOR,Mumbai,Mumbai City,Maharashtra,400001,METROPOLITAN,18.933236,72.82978,87608b032ffffff,True,False,False
RBI_OUTLET_000017,State Bank of India,SBI,ON_SITE_ATM,PUBLIC_SECTOR,Bandra-Kurla Complex,Mumbai Suburban,Maharashtra,400051,METROPOLITAN,19.067051,72.8687,87608b0b6ffffff,True,True,False
RBI_OUTLET_000018,Punjab National Bank,PNB,OFF_SITE_ATM,PUBLIC_SECTOR,Bandra-Kurla Complex,Mumbai Suburban,Maharashtra,400051,METROPOLITAN,19.067614,72.869539,87608b0b6ffffff,True,True,False
RBI_OUTLET_000019,Bank of Baroda,BOB,CASH_RECYCLER,PUBLIC_SECTOR,Bandra-Kurla Complex,Mumbai Suburban,Maharashtra,400051,METROPOLITAN,19.067675,72.870789,87608b0b6ffffff,True,True,False
RBI_OUTLET_000020,Canara Bank,CANARA,BANK_BRANCH,PUBLIC_SECTOR,Bandra-Kurla Complex,Mumbai Suburban,Maharashtra,400051,METROPOLITAN,19.067045,72.872134,87608b0b6ffffff,True,False,False
RBI_OUTLET_000021,Union Bank of India,UBI,ON_SITE_ATM,PUBLIC_SECTOR,Bandra-Kurla Complex,Mumbai Suburban,Maharashtra,400051,METROPOLITAN,19.0657,72.87318,87608b0b6ffffff,True,True,False
RBI_OUTLET_000022,HDFC Bank,HDFC,OFF_SITE_ATM,PRIVATE_SECTOR,Bandra-Kurla Complex,Mumbai Suburban,Maharashtra,400051,METROPOLITAN,19.063804,72.873543,87608b0b6ffffff,True,True,False
RBI_OUTLET_000023,ICICI Bank,ICICI,CASH_RECYCLER,PRIVATE_SECTOR,Bandra-Kurla Complex,Mumbai Suburban,Maharashtra,400051,METROPOLITAN,19.061687,72.872946,87608b0b4ffffff,True,True,False
RBI_OUTLET_000024,Axis Bank,AXIS,BANK_BRANCH,PRIVATE_SECTOR,Bandra-Kurla Complex,Mumbai Suburban,Maharashtra,400051,METROPOLITAN,19.059791,72.87129,87608b0b4ffffff,True,False,False
RBI_OUTLET_000025,Kotak Mahindra Bank,KOTAK,ON_SITE_ATM,PRIVATE_SECTOR,Bandra-Kurla Complex,Mumbai Suburban,Maharashtra,400051,METROPOLITAN,19.058583,72.8687,87608b0b4ffffff,True,True,False
RBI_OUTLET_000026,IndusInd Bank,INDUS,OFF_SITE_ATM,PRIVATE_SECTOR,Bandra-Kurla Complex,Mumbai Suburban,Maharashtra,400051,METROPOLITAN,19.058459,72.865527,87608b0b4ffffff,True,True,False
RBI_OUTLET_000027,AU Small Finance Bank,AU_SFB,CASH_RECYCLER,SMALL_FINANCE,Bandra-Kurla Complex,Mumbai Suburban,Maharashtra,400051,METROPOLITAN,19.059648,72.862297,87608b0b0ffffff,True,True,False
RBI_OUTLET_000028,Tata Indicash White-Label,INDICASH,WHITE_LABEL_ATM,WHITE_LABEL,Bandra-Kurla Complex,Mumbai Suburban,Maharashtra,400051,METROPOLITAN,19.062149,72.859629,87608b0b0ffffff,True,True,False
RBI_OUTLET_000029,India1 Payments WLA,INDIA1,ON_SITE_ATM,WHITE_LABEL,Bandra-Kurla Complex,Mumbai Suburban,Maharashtra,400051,METROPOLITAN,19.0657,72.85812,87608b0b0ffffff,True,True,False
RBI_OUTLET_000030,State Bank of India,SBI,OFF_SITE_ATM,PUBLIC_SECTOR,Bandra-Kurla Complex,Mumbai Suburban,Maharashtra,400051,METROPOLITAN,19.069803,72.85822,87608b0b0ffffff,True,True,False
RBI_OUTLET_000031,Punjab National Bank,PNB,CASH_RECYCLER,PUBLIC_SECTOR,Bandra-Kurla Complex,Mumbai Suburban,Maharashtra,400051,METROPOLITAN,19.07379,72.86014,87608b0b0ffffff,True,True,False
RBI_OUTLET_000032,Bank of Baroda,BOB,BANK_BRANCH,PUBLIC_SECTOR,Bandra-Kurla Complex,Mumbai Suburban,Maharashtra,400051,METROPOLITAN,19.076936,72.863776,87608b0b2ffffff,True,False,False
RBI_OUTLET_000033,State Bank of India,SBI,ON_SITE_ATM,PUBLIC_SECTOR,New Delhi - Connaught Place,New Delhi,Delhi,110001,METROPOLITAN,28.632851,77.2167,873da1140ffffff,True,True,False
RBI_OUTLET_000034,Punjab National Bank,PNB,OFF_SITE_ATM,PUBLIC_SECTOR,New Delhi - Connaught Place,New Delhi,Delhi,110001,METROPOLITAN,28.633414,77.217603,873da1140ffffff,True,True,False
RBI_OUTLET_000035,Bank of Baroda,BOB,CASH_RECYCLER,PUBLIC_SECTOR,New Delhi - Connaught Place,New Delhi,Delhi,110001,METROPOLITAN,28.633475,77.21895,873da1140ffffff,True,True,False
RBI_OUTLET_000036,Canara Bank,CANARA,BANK_BRANCH,PUBLIC_SECTOR,New Delhi - Connaught Place,New Delhi,Delhi,110001,METROPOLITAN,28.632845,77.220398,873da1140ffffff,True,False,False
RBI_OUTLET_000037,Union Bank of India,UBI,ON_SITE_ATM,PUBLIC_SECTOR,New Delhi - Connaught Place,New Delhi,Delhi,110001,METROPOLITAN,28.6315,77.221524,873da1140ffffff,True,True,False
RBI_OUTLET_000038,HDFC Bank,HDFC,OFF_SITE_ATM,PRIVATE_SECTOR,New Delhi - Connaught Place,New Delhi,Delhi,110001,METROPOLITAN,28.629604,77.221916,873da1140ffffff,True,True,False
RBI_OUTLET_000039,ICICI Bank,ICICI,CASH_RECYCLER,PRIVATE_SECTOR,New Delhi - Connaught Place,New Delhi,Delhi,110001,METROPOLITAN,28.627487,77.221272,873da1140ffffff,True,True,False
RBI_OUTLET_000040,Axis Bank,AXIS,BANK_BRANCH,PRIVATE_SECTOR,New Delhi - Connaught Place,New Delhi,Delhi,110001,METROPOLITAN,28.625591,77.219489,873da1140ffffff,True,False,False
RBI_OUTLET_000041,Kotak Mahindra Bank,KOTAK,ON_SITE_ATM,PRIVATE_SECTOR,New Delhi - Connaught Place,New Delhi,Delhi,110001,METROPOLITAN,28.624383,77.2167,873da1140ffffff,True,True,False
RBI_OUTLET_000042,IndusInd Bank,INDUS,OFF_SITE_ATM,PRIVATE_SECTOR,New Delhi - Connaught Place,New Delhi,Delhi,110001,METROPOLITAN,28.624259,77.213283,873da1140ffffff,True,True,False
RBI_OUTLET_000043,AU Small Finance Bank,AU_SFB,CASH_RECYCLER,SMALL_FINANCE,New Delhi - Connaught Place,New Delhi,Delhi,110001,METROPOLITAN,28.625448,77.209805,873da1140ffffff,True,True,False
RBI_OUTLET_000044,Tata Indicash White-Label,INDICASH,WHITE_LABEL_ATM,WHITE_LABEL,New Delhi - Connaught Place,New Delhi,Delhi,110001,METROPOLITAN,28.627949,77.206933,873da1144ffffff,True,True,False
RBI_OUTLET_000045,India1 Payments WLA,INDIA1,ON_SITE_ATM,WHITE_LABEL,New Delhi - Connaught Place,New Delhi,Delhi,110001,METROPOLITAN,28.6315,77.205307,873da1144ffffff,True,True,False
RBI_OUTLET_000046,State Bank of India,SBI,OFF_SITE_ATM,PUBLIC_SECTOR,New Delhi - Connaught Place,New Delhi,Delhi,110001,METROPOLITAN,28.635603,77.205415,873da1144ffffff,True,True,False
RBI_OUTLET_000047,Punjab National Bank,PNB,CASH_RECYCLER,PUBLIC_SECTOR,New Delhi - Connaught Place,New Delhi,Delhi,110001,METROPOLITAN,28.63959,77.207483,873da1144ffffff,True,True,False
RBI_OUTLET_000048,Bank of Baroda,BOB,BANK_BRANCH,PUBLIC_SECTOR,New Delhi - Connaught Place,New Delhi,Delhi,110001,METROPOLITAN,28.642736,77.211397,873da1144ffffff,True,False,False
RBI_OUTLET_000049,State Bank of India,SBI,ON_SITE_ATM,PUBLIC_SECTOR,South Delhi - Nehru Place,South Delhi,Delhi,110019,METROPOLITAN,28.550751,77.2528,873da115affffff,True,True,False
RBI_OUTLET_000050,Punjab National Bank,PNB,OFF_SITE_ATM,PUBLIC_SECTOR,South Delhi - Nehru Place,South Delhi,Delhi,110019,METROPOLITAN,28.551314,77.253703,873da115affffff,True,True,False
RBI_OUTLET_000051,Bank of Baroda,BOB,CASH_RECYCLER,PUBLIC_SECTOR,South Delhi - Nehru Place,South Delhi,Delhi,110019,METROPOLITAN,28.551375,77.255048,873da115affffff,True,True,False
RBI_OUTLET_000052,Canara Bank,CANARA,BANK_BRANCH,PUBLIC_SECTOR,South Delhi - Nehru Place,South Delhi,Delhi,110019,METROPOLITAN,28.550745,77.256495,873da115affffff,True,False,False
RBI_OUTLET_000053,Union Bank of India,UBI,ON_SITE_ATM,PUBLIC_SECTOR,South Delhi - Nehru Place,South Delhi,Delhi,110019,METROPOLITAN,28.5494,77.25762,873da115affffff,True,True,False
RBI_OUTLET_000054,HDFC Bank,HDFC,OFF_SITE_ATM,PRIVATE_SECTOR,South Delhi - Nehru Place,South Delhi,Delhi,110019,METROPOLITAN,28.547504,77.258011,873da115affffff,True,True,False
RBI_OUTLET_000055,ICICI Bank,ICICI,CASH_RECYCLER,PRIVATE_SECTOR,South Delhi - Nehru Place,South Delhi,Delhi,110019,METROPOLITAN,28.545387,77.257369,873da115affffff,True,True,False
RBI_OUTLET_000056,Axis Bank,AXIS,BANK_BRANCH,PRIVATE_SECTOR,South Delhi - Nehru Place,South Delhi,Delhi,110019,METROPOLITAN,28.543491,77.255587,873da1029ffffff,True,False,False
RBI_OUTLET_000057,Kotak Mahindra Bank,KOTAK,ON_SITE_ATM,PRIVATE_SECTOR,South Delhi - Nehru Place,South Delhi,Delhi,110019,METROPOLITAN,28.542283,77.2528,873da1029ffffff,True,True,False
RBI_OUTLET_000058,IndusInd Bank,INDUS,OFF_SITE_ATM,PRIVATE_SECTOR,South Delhi - Nehru Place,South Delhi,Delhi,110019,METROPOLITAN,28.542159,77.249385,873da1029ffffff,True,True,False
RBI_OUTLET_000059,AU Small Finance Bank,AU_SFB,CASH_RECYCLER,SMALL_FINANCE,South Delhi - Nehru Place,South Delhi,Delhi,110019,METROPOLITAN,28.543348,77.24591,873da102dffffff,True,True,False
RBI_OUTLET_000060,Tata Indicash White-Label,INDICASH,WHITE_LABEL_ATM,WHITE_LABEL,South Delhi - Nehru Place,South Delhi,Delhi,110019,METROPOLITAN,28.545849,77.24304,873da102dffffff,True,True,False
RBI_OUTLET_000061,India1 Payments WLA,INDIA1,ON_SITE_ATM,WHITE_LABEL,South Delhi - Nehru Place,South Delhi,Delhi,110019,METROPOLITAN,28.5494,77.241416,873da102dffffff,True,True,False
RBI_OUTLET_000062,State Bank of India,SBI,OFF_SITE_ATM,PUBLIC_SECTOR,South Delhi - Nehru Place,South Delhi,Delhi,110019,METROPOLITAN,28.553503,77.241524,873da102dffffff,True,True,False
RBI_OUTLET_000063,Punjab National Bank,PNB,CASH_RECYCLER,PUBLIC_SECTOR,South Delhi - Nehru Place,South Delhi,Delhi,110019,METROPOLITAN,28.55749,77.24359,873da115affffff,True,True,False
RBI_OUTLET_000064,Bank of Baroda,BOB,BANK_BRANCH,PUBLIC_SECTOR,South Delhi - Nehru Place,South Delhi,Delhi,110019,METROPOLITAN,28.560636,77.247501,873da115affffff,True,False,False
RBI_OUTLET_000065,State Bank of India,SBI,ON_SITE_ATM,PUBLIC_SECTOR,Bengaluru - MG Road,Bengaluru Urban,Karnataka,560001,METROPOLITAN,12.976951,77.6066,8761892e9ffffff,True,True,False
RBI_OUTLET_000066,Punjab National Bank,PNB,OFF_SITE_ATM,PUBLIC_SECTOR,Bengaluru - MG Road,Bengaluru Urban,Karnataka,560001,METROPOLITAN,12.977514,77.607414,8761892e9ffffff,True,True,False
RBI_OUTLET_000067,Bank of Baroda,BOB,CASH_RECYCLER,PUBLIC_SECTOR,Bengaluru - MG Road,Bengaluru Urban,Karnataka,560001,METROPOLITAN,12.977575,77.608627,8761892e9ffffff,True,True,False
RBI_OUTLET_000068,Canara Bank,CANARA,BANK_BRANCH,PUBLIC_SECTOR,Bengaluru - MG Road,Bengaluru Urban,Karnataka,560001,METROPOLITAN,12.976945,77.609931,8761892e9ffffff,True,False,False
RBI_OUTLET_000069,Union Bank of India,UBI,ON_SITE_ATM,PUBLIC_SECTOR,Bengaluru - MG Road,Bengaluru Urban,Karnataka,560001,METROPOLITAN,12.9756,77.610945,8761892e9ffffff,True,True,False
RBI_OUTLET_000070,HDFC Bank,HDFC,OFF_SITE_ATM,PRIVATE_SECTOR,Bengaluru - MG Road,Bengaluru Urban,Karnataka,560001,METROPOLITAN,12.973704,77.611298,87618925affffff,True,True,False
RBI_OUTLET_000071,ICICI Bank,ICICI,CASH_RECYCLER,PRIVATE_SECTOR,Bengaluru - MG Road,Bengaluru Urban,Karnataka,560001,METROPOLITAN,12.971587,77.610718,87618925affffff,True,True,False
RBI_OUTLET_000072,Axis Bank,AXIS,BANK_BRANCH,PRIVATE_SECTOR,Bengaluru - MG Road,Bengaluru Urban,Karnataka,560001,METROPOLITAN,12.969691,77.609112,87618925affffff,True,False,False
RBI_OUTLET_000073,Kotak Mahindra Bank,KOTAK,ON_SITE_ATM,PRIVATE_SECTOR,Bengaluru - MG Road,Bengaluru Urban,Karnataka,560001,METROPOLITAN,12.968483,77.6066,87618925affffff,True,True,False
RBI_OUTLET_000074,IndusInd Bank,INDUS,OFF_SITE_ATM,PRIVATE_SECTOR,Bengaluru - MG Road,Bengaluru Urban,Karnataka,560001,METROPOLITAN,12.968359,77.603522,87618925affffff,True,True,False
RBI_OUTLET_000075,AU Small Finance Bank,AU_SFB,CASH_RECYCLER,SMALL_FINANCE,Bengaluru - MG Road,Bengaluru Urban,Karnataka,560001,METROPOLITAN,12.969548,77.60039,87618925affffff,True,True,False
RBI_OUTLET_000076,Tata Indicash White-Label,INDICASH,WHITE_LABEL_ATM,WHITE_LABEL,Bengaluru - MG Road,Bengaluru Urban,Karnataka,560001,METROPOLITAN,12.972049,77.597802,8760145b4ffffff,True,True,False
RBI_OUTLET_000077,India1 Payments WLA,INDIA1,ON_SITE_ATM,WHITE_LABEL,Bengaluru - MG Road,Bengaluru Urban,Karnataka,560001,METROPOLITAN,12.9756,77.596338,8760145b4ffffff,True,True,False
RBI_OUTLET_000078,State Bank of India,SBI,OFF_SITE_ATM,PUBLIC_SECTOR,Bengaluru - MG Road,Bengaluru Urban,Karnataka,560001,METROPOLITAN,12.979703,77.596436,8760145b4ffffff,True,True,False
RBI_OUTLET_000079,Punjab National Bank,PNB,CASH_RECYCLER,PUBLIC_SECTOR,Bengaluru - MG Road,Bengaluru Urban,Karnataka,560001,METROPOLITAN,12.98369,77.598298,8760145b4ffffff,True,True,False
RBI_OUTLET_000080,Bank of Baroda,BOB,BANK_BRANCH,PUBLIC_SECTOR,Bengaluru - MG Road,Bengaluru Urban,Karnataka,560001,METROPOLITAN,12.986836,77.601824,8761892e9ffffff,True,False,False
RBI_OUTLET_000081,State Bank of India,SBI,ON_SITE_ATM,PUBLIC_SECTOR,Bengaluru - Whitefield,Bengaluru Urban,Karnataka,560066,METROPOLITAN,12.971151,77.75,87618921dffffff,True,True,False
RBI_OUTLET_000082,Punjab National Bank,PNB,OFF_SITE_ATM,PUBLIC_SECTOR,Bengaluru - Whitefield,Bengaluru Urban,Karnataka,560066,METROPOLITAN,12.971714,77.750814,87618921dffffff,True,True,False
RBI_OUTLET_000083,Bank of Baroda,BOB,CASH_RECYCLER,PUBLIC_SECTOR,Bengaluru - Whitefield,Bengaluru Urban,Karnataka,560066,METROPOLITAN,12.971775,77.752027,87618921dffffff,True,True,False
RBI_OUTLET_000084,Canara Bank,CANARA,BANK_BRANCH,PUBLIC_SECTOR,Bengaluru - Whitefield,Bengaluru Urban,Karnataka,560066,METROPOLITAN,12.971145,77.753331,87618921dffffff,True,False,False
RBI_OUTLET_000085,Union Bank of India,UBI,ON_SITE_ATM,PUBLIC_SECTOR,Bengaluru - Whitefield,Bengaluru Urban,Karnataka,560066,METROPOLITAN,12.9698,77.754345,87618921dffffff,True,True,False
RBI_OUTLET_000086,HDFC Bank,HDFC,OFF_SITE_ATM,PRIVATE_SECTOR,Bengaluru - Whitefield,Bengaluru Urban,Karnataka,560066,METROPOLITAN,12.967904,77.754698,87618921dffffff,True,True,False
RBI_OUTLET_000087,ICICI Bank,ICICI,CASH_RECYCLER,PRIVATE_SECTOR,Bengaluru - Whitefield,Bengaluru Urban,Karnataka,560066,METROPOLITAN,12.965787,77.754118,87618921dffffff,True,True,False
RBI_OUTLET_000088,Axis Bank,AXIS,BANK_BRANCH,PRIVATE_SECTOR,Bengaluru - Whitefield,Bengaluru Urban,Karnataka,560066,METROPOLITAN,12.963891,77.752512,87618921dffffff,True,False,False
RBI_OUTLET_000089,Kotak Mahindra Bank,KOTAK,ON_SITE_ATM,PRIVATE_SECTOR,Bengaluru - Whitefield,Bengaluru Urban,Karnataka,560066,METROPOLITAN,12.962683,77.75,87618921dffffff,True,True,False
RBI_OUTLET_000090,IndusInd Bank,INDUS,OFF_SITE_ATM,PRIVATE_SECTOR,Bengaluru - Whitefield,Bengaluru Urban,Karnataka,560066,METROPOLITAN,12.962559,77.746922,87618921dffffff,True,True,False
RBI_OUTLET_000091,AU Small Finance Bank,AU_SFB,CASH_RECYCLER,SMALL_FINANCE,Bengaluru - Whitefield,Bengaluru Urban,Karnataka,560066,METROPOLITAN,12.963748,77.74379,87618921dffffff,True,True,False
RBI_OUTLET_000092,Tata Indicash White-Label,INDICASH,WHITE_LABEL_ATM,WHITE_LABEL,Bengaluru - Whitefield,Bengaluru Urban,Karnataka,560066,METROPOLITAN,12.966249,77.741203,87618921dffffff,True,True,False
RBI_OUTLET_000093,India1 Payments WLA,INDIA1,ON_SITE_ATM,WHITE_LABEL,Bengaluru - Whitefield,Bengaluru Urban,Karnataka,560066,METROPOLITAN,12.9698,77.739738,87618921dffffff,True,True,False
RBI_OUTLET_000094,State Bank of India,SBI,OFF_SITE_ATM,PUBLIC_SECTOR,Bengaluru - Whitefield,Bengaluru Urban,Karnataka,560066,METROPOLITAN,12.973903,77.739836,87618921dffffff,True,True,False
RBI_OUTLET_000095,Punjab National Bank,PNB,CASH_RECYCLER,PUBLIC_SECTOR,Bengaluru - Whitefield,Bengaluru Urban,Karnataka,560066,METROPOLITAN,12.97789,77.741698,87618921dffffff,True,True,False
RBI_OUTLET_000096,Bank of Baroda,BOB,BANK_BRANCH,PUBLIC_SECTOR,Bengaluru - Whitefield,Bengaluru Urban,Karnataka,560066,METROPOLITAN,12.981036,77.745224,87618921dffffff,True,False,False
RBI_OUTLET_000097,State Bank of India,SBI,ON_SITE_ATM,PUBLIC_SECTOR,Hyderabad - Banjara Hills,Hyderabad,Telangana,500034,METROPOLITAN,17.416951,78.435,8760a2582ffffff,True,True,False
RBI_OUTLET_000098,Punjab National Bank,PNB,OFF_SITE_ATM,PUBLIC_SECTOR,Hyderabad - Banjara Hills,Hyderabad,Telangana,500034,METROPOLITAN,17.417514,78.435831,8760a2582ffffff,True,True,False
RBI_OUTLET_000099,Bank of Baroda,BOB,CASH_RECYCLER,PUBLIC_SECTOR,Hyderabad - Banjara Hills,Hyderabad,Telangana,500034,METROPOLITAN,17.417575,78.43707,8760a2582ffffff,True,True,False
RBI_OUTLET_000100,Canara Bank,CANARA,BANK_BRANCH,PUBLIC_SECTOR,Hyderabad - Banjara Hills,Hyderabad,Telangana,500034,METROPOLITAN,17.416945,78.438402,8760a2582ffffff,True,False,False
RBI_OUTLET_000101,Union Bank of India,UBI,ON_SITE_ATM,PUBLIC_SECTOR,Hyderabad - Banjara Hills,Hyderabad,Telangana,500034,METROPOLITAN,17.4156,78.439438,8760a2582ffffff,True,True,False
RBI_OUTLET_000102,HDFC Bank,HDFC,OFF_SITE_ATM,PRIVATE_SECTOR,Hyderabad - Banjara Hills,Hyderabad,Telangana,500034,METROPOLITAN,17.413704,78.439798,8760a2582ffffff,True,True,False
RBI_OUTLET_000103,ICICI Bank,ICICI,CASH_RECYCLER,PRIVATE_SECTOR,Hyderabad - Banjara Hills,Hyderabad,Telangana,500034,METROPOLITAN,17.411587,78.439206,8760a2582ffffff,True,True,False
RBI_OUTLET_000104,Axis Bank,AXIS,BANK_BRANCH,PRIVATE_SECTOR,Hyderabad - Banjara Hills,Hyderabad,Telangana,500034,METROPOLITAN,17.409691,78.437565,8760a2582ffffff,True,False,False
RBI_OUTLET_000105,Kotak Mahindra Bank,KOTAK,ON_SITE_ATM,PRIVATE_SECTOR,Hyderabad - Banjara Hills,Hyderabad,Telangana,500034,METROPOLITAN,17.408483,78.435,8760a2582ffffff,True,True,False
RBI_OUTLET_000106,IndusInd Bank,INDUS,OFF_SITE_ATM,PRIVATE_SECTOR,Hyderabad - Banjara Hills,Hyderabad,Telangana,500034,METROPOLITAN,17.408359,78.431856,8760a2582ffffff,True,True,False
RBI_OUTLET_000107,AU Small Finance Bank,AU_SFB,CASH_RECYCLER,SMALL_FINANCE,Hyderabad - Banjara Hills,Hyderabad,Telangana,500034,METROPOLITAN,17.409548,78.428657,8760a2582ffffff,True,True,False
RBI_OUTLET_000108,Tata Indicash White-Label,INDICASH,WHITE_LABEL_ATM,WHITE_LABEL,Hyderabad - Banjara Hills,Hyderabad,Telangana,500034,METROPOLITAN,17.412049,78.426015,8760a2582ffffff,True,True,False
RBI_OUTLET_000109,India1 Payments WLA,INDIA1,ON_SITE_ATM,WHITE_LABEL,Hyderabad - Banjara Hills,Hyderabad,Telangana,500034,METROPOLITAN,17.4156,78.42452,8760a259cffffff,True,True,False
RBI_OUTLET_000110,State Bank of India,SBI,OFF_SITE_ATM,PUBLIC_SECTOR,Hyderabad - Banjara Hills,Hyderabad,Telangana,500034,METROPOLITAN,17.419703,78.424619,8760a259cffffff,True,True,False
RBI_OUTLET_000111,Punjab National Bank,PNB,CASH_RECYCLER,PUBLIC_SECTOR,Hyderabad - Banjara Hills,Hyderabad,Telangana,500034,METROPOLITAN,17.42369,78.426521,8760a259cffffff,True,True,False
RBI_OUTLET_000112,Bank of Baroda,BOB,BANK_BRANCH,PUBLIC_SECTOR,Hyderabad - Banjara Hills,Hyderabad,Telangana,500034,METROPOLITAN,17.426836,78.430122,8760a2591ffffff,True,False,False
RBI_OUTLET_000113,State Bank of India,SBI,ON_SITE_ATM,PUBLIC_SECTOR,Kolkata - BBD Bagh,Kolkata,West Bengal,700001,METROPOLITAN,22.573951,88.3639,873cf2c64ffffff,True,True,False
RBI_OUTLET_000114,Punjab National Bank,PNB,OFF_SITE_ATM,PUBLIC_SECTOR,Kolkata - BBD Bagh,Kolkata,West Bengal,700001,METROPOLITAN,22.574514,88.364759,873cf2c64ffffff,True,True,False
RBI_OUTLET_000115,Bank of Baroda,BOB,CASH_RECYCLER,PUBLIC_SECTOR,Kolkata - BBD Bagh,Kolkata,West Bengal,700001,METROPOLITAN,22.574575,88.366039,873cf2c60ffffff,True,True,False
RBI_OUTLET_000116,Canara Bank,CANARA,BANK_BRANCH,PUBLIC_SECTOR,Kolkata - BBD Bagh,Kolkata,West Bengal,700001,METROPOLITAN,22.573945,88.367415,873cf2c60ffffff,True,False,False
RBI_OUTLET_000117,Union Bank of India,UBI,ON_SITE_ATM,PUBLIC_SECTOR,Kolkata - BBD Bagh,Kolkata,West Bengal,700001,METROPOLITAN,22.5726,88.368486,873cf2c60ffffff,True,True,False
RBI_OUTLET_000118,HDFC Bank,HDFC,OFF_SITE_ATM,PRIVATE_SECTOR,Kolkata - BBD Bagh,Kolkata,West Bengal,700001,METROPOLITAN,22.570704,88.368858,873cf2c60ffffff,True,True,False
RBI_OUTLET_000119,ICICI Bank,ICICI,CASH_RECYCLER,PRIVATE_SECTOR,Kolkata - BBD Bagh,Kolkata,West Bengal,700001,METROPOLITAN,22.568587,88.368246,873cf2c60ffffff,True,True,False
RBI_OUTLET_000120,Axis Bank,AXIS,BANK_BRANCH,PRIVATE_SECTOR,Kolkata - BBD Bagh,Kolkata,West Bengal,700001,METROPOLITAN,22.566691,88.366551,873cf2c60ffffff,True,False,False
RBI_OUTLET_000121,Kotak Mahindra Bank,KOTAK,ON_SITE_ATM,PRIVATE_SECTOR,Kolkata - BBD Bagh,Kolkata,West Bengal,700001,METROPOLITAN,22.565483,88.3639,873cf2c60ffffff,True,True,False
RBI_OUTLET_000122,IndusInd Bank,INDUS,OFF_SITE_ATM,PRIVATE_SECTOR,Kolkata - BBD Bagh,Kolkata,West Bengal,700001,METROPOLITAN,22.565359,88.360652,873cf2c66ffffff,True,True,False
RBI_OUTLET_000123,AU Small Finance Bank,AU_SFB,CASH_RECYCLER,SMALL_FINANCE,Kolkata - BBD Bagh,Kolkata,West Bengal,700001,METROPOLITAN,22.566548,88.357346,873cf2c66ffffff,True,True,False
RBI_OUTLET_000124,Tata Indicash White-Label,INDICASH,WHITE_LABEL_ATM,WHITE_LABEL,Kolkata - BBD Bagh,Kolkata,West Bengal,700001,METROPOLITAN,22.569049,88.354616,873cf2c66ffffff,True,True,False
RBI_OUTLET_000125,India1 Payments WLA,INDIA1,ON_SITE_ATM,WHITE_LABEL,Kolkata - BBD Bagh,Kolkata,West Bengal,700001,METROPOLITAN,22.5726,88.35307,873cf2c64ffffff,True,True,False
RBI_OUTLET_000126,State Bank of India,SBI,OFF_SITE_ATM,PUBLIC_SECTOR,Kolkata - BBD Bagh,Kolkata,West Bengal,700001,METROPOLITAN,22.576703,88.353174,873cf2c64ffffff,True,True,False
RBI_OUTLET_000127,Punjab National Bank,PNB,CASH_RECYCLER,PUBLIC_SECTOR,Kolkata - BBD Bagh,Kolkata,West Bengal,700001,METROPOLITAN,22.58069,88.355138,873cf2c64ffffff,True,True,False
RBI_OUTLET_000128,Bank of Baroda,BOB,BANK_BRANCH,PUBLIC_SECTOR,Kolkata - BBD Bagh,Kolkata,West Bengal,700001,METROPOLITAN,22.583836,88.35886,873cf2c64ffffff,True,False,False
RBI_OUTLET_000129,State Bank of India,SBI,ON_SITE_ATM,PUBLIC_SECTOR,Chennai - Anna Salai,Chennai,Tamil Nadu,600002,METROPOLITAN,13.061751,80.2496,87618c489ffffff,True,True,False
RBI_OUTLET_000130,Punjab National Bank,PNB,OFF_SITE_ATM,PUBLIC_SECTOR,Chennai - Anna Salai,Chennai,Tamil Nadu,600002,METROPOLITAN,13.062314,80.250414,87618c489ffffff,True,True,False
RBI_OUTLET_000131,Bank of Baroda,BOB,CASH_RECYCLER,PUBLIC_SECTOR,Chennai - Anna Salai,Chennai,Tamil Nadu,600002,METROPOLITAN,13.062375,80.251627,87618c489ffffff,True,True,False
RBI_OUTLET_000132,Canara Bank,CANARA,BANK_BRANCH,PUBLIC_SECTOR,Chennai - Anna Salai,Chennai,Tamil Nadu,600002,METROPOLITAN,13.061745,80.252932,87618c489ffffff,True,False,False
RBI_OUTLET_000133,Union Bank of India,UBI,ON_SITE_ATM,PUBLIC_SECTOR,Chennai - Anna Salai,Chennai,Tamil Nadu,600002,METROPOLITAN,13.0604,80.253947,87618c48dffffff,True,True,False
RBI_OUTLET_000134,HDFC Bank,HDFC,OFF_SITE_ATM,PRIVATE_SECTOR,Chennai - Anna Salai,Chennai,Tamil Nadu,600002,METROPOLITAN,13.058504,80.254299,87618c48dffffff,True,True,False
RBI_OUTLET_000135,ICICI Bank,ICICI,CASH_RECYCLER,PRIVATE_SECTOR,Chennai - Anna Salai,Chennai,Tamil Nadu,600002,METROPOLITAN,13.056387,80.25372,87618c48dffffff,True,True,False
RBI_OUTLET_000136,Axis Bank,AXIS,BANK_BRANCH,PRIVATE_SECTOR,Chennai - Anna Salai,Chennai,Tamil Nadu,600002,METROPOLITAN,13.054491,80.252113,87618c48dffffff,True,False,False
RBI_OUTLET_000137,Kotak Mahindra Bank,KOTAK,ON_SITE_ATM,PRIVATE_SECTOR,Chennai - Anna Salai,Chennai,Tamil Nadu,600002,METROPOLITAN,13.053283,80.2496,87618c4f2ffffff,True,True,False
RBI_OUTLET_000138,IndusInd Bank,INDUS,OFF_SITE_ATM,PRIVATE_SECTOR,Chennai - Anna Salai,Chennai,Tamil Nadu,600002,METROPOLITAN,13.053159,80.246521,87618c4f2ffffff,True,True,False
RBI_OUTLET_000139,AU Small Finance Bank,AU_SFB,CASH_RECYCLER,SMALL_FINANCE,Chennai - Anna Salai,Chennai,Tamil Nadu,600002,METROPOLITAN,13.054348,80.243387,87618c4f2ffffff,True,True,False
RBI_OUTLET_000140,Tata Indicash White-Label,INDICASH,WHITE_LABEL_ATM,WHITE_LABEL,Chennai - Anna Salai,Chennai,Tamil Nadu,600002,METROPOLITAN,13.056849,80.240799,87618c4f2ffffff,True,True,False
RBI_OUTLET_000141,India1 Payments WLA,INDIA1,ON_SITE_ATM,WHITE_LABEL,Chennai - Anna Salai,Chennai,Tamil Nadu,600002,METROPOLITAN,13.0604,80.239334,87618c489ffffff,True,True,False
RBI_OUTLET_000142,State Bank of India,SBI,OFF_SITE_ATM,PUBLIC_SECTOR,Chennai - Anna Salai,Chennai,Tamil Nadu,600002,METROPOLITAN,13.064503,80.239432,87618c489ffffff,True,True,False
RBI_OUTLET_000143,Punjab National Bank,PNB,CASH_RECYCLER,PUBLIC_SECTOR,Chennai - Anna Salai,Chennai,Tamil Nadu,600002,METROPOLITAN,13.06849,80.241295,87618c489ffffff,True,True,False
RBI_OUTLET_000144,Bank of Baroda,BOB,BANK_BRANCH,PUBLIC_SECTOR,Chennai - Anna Salai,Chennai,Tamil Nadu,600002,METROPOLITAN,13.071636,80.244822,87618c489ffffff,True,False,False
RBI_OUTLET_000145,State Bank of India,SBI,ON_SITE_ATM,PUBLIC_SECTOR,Ahmedabad - Ashram Road,Ahmedabad,Gujarat,380009,METROPOLITAN,23.035151,72.5694,8742cea64ffffff,True,True,False
RBI_OUTLET_000146,Punjab National Bank,PNB,OFF_SITE_ATM,PUBLIC_SECTOR,Ahmedabad - Ashram Road,Ahmedabad,Gujarat,380009,METROPOLITAN,23.035714,72.570262,8742cea64ffffff,True,True,False
RBI_OUTLET_000147,Bank of Baroda,BOB,CASH_RECYCLER,PUBLIC_SECTOR,Ahmedabad - Ashram Road,Ahmedabad,Gujarat,380009,METROPOLITAN,23.035775,72.571546,8742cea64ffffff,True,True,False
RBI_OUTLET_000148,Canara Bank,CANARA,BANK_BRANCH,PUBLIC_SECTOR,Ahmedabad - Ashram Road,Ahmedabad,Gujarat,380009,METROPOLITAN,23.035145,72.572927,8742cea64ffffff,True,False,False
RBI_OUTLET_000149,Union Bank of India,UBI,ON_SITE_ATM,PUBLIC_SECTOR,Ahmedabad - Ashram Road,Ahmedabad,Gujarat,380009,METROPOLITAN,23.0338,72.574001,8742cea64ffffff,True,True,False
RBI_OUTLET_000150,HDFC Bank,HDFC,OFF_SITE_ATM,PRIVATE_SECTOR,Ahmedabad - Ashram Road,Ahmedabad,Gujarat,380009,METROPOLITAN,23.031904,72.574374,8742cea64ffffff,True,True,False
RBI_OUTLET_000151,ICICI Bank,ICICI,CASH_RECYCLER,PRIVATE_SECTOR,Ahmedabad - Ashram Road,Ahmedabad,Gujarat,380009,METROPOLITAN,23.029787,72.573761,8742cea64ffffff,True,True,False
RBI_OUTLET_000152,Axis Bank,AXIS,BANK_BRANCH,PRIVATE_SECTOR,Ahmedabad - Ashram Road,Ahmedabad,Gujarat,380009,METROPOLITAN,23.027891,72.57206,8742cea64ffffff,True,False,False
RBI_OUTLET_000153,Kotak Mahindra Bank,KOTAK,ON_SITE_ATM,PRIVATE_SECTOR,Ahmedabad - Ashram Road,Ahmedabad,Gujarat,380009,METROPOLITAN,23.026683,72.5694,8742cea64ffffff,True,True,False
RBI_OUTLET_000154,IndusInd Bank,INDUS,OFF_SITE_ATM,PRIVATE_SECTOR,Ahmedabad - Ashram Road,Ahmedabad,Gujarat,380009,METROPOLITAN,23.026559,72.566141,8742cea64ffffff,True,True,False
RBI_OUTLET_000155,AU Small Finance Bank,AU_SFB,CASH_RECYCLER,SMALL_FINANCE,Ahmedabad - Ashram Road,Ahmedabad,Gujarat,380009,METROPOLITAN,23.027748,72.562824,8742ceb59ffffff,True,True,False
RBI_OUTLET_000156,Tata Indicash White-Label,INDICASH,WHITE_LABEL_ATM,WHITE_LABEL,Ahmedabad - Ashram Road,Ahmedabad,Gujarat,380009,METROPOLITAN,23.030249,72.560084,8742ceb4affffff,True,True,False
RBI_OUTLET_000157,India1 Payments WLA,INDIA1,ON_SITE_ATM,WHITE_LABEL,Ahmedabad - Ashram Road,Ahmedabad,Gujarat,380009,METROPOLITAN,23.0338,72.558534,8742ceb4affffff,True,True,False
RBI_OUTLET_000158,State Bank of India,SBI,OFF_SITE_ATM,PUBLIC_SECTOR,Ahmedabad - Ashram Road,Ahmedabad,Gujarat,380009,METROPOLITAN,23.037903,72.558637,8742ceb4affffff,True,True,False
RBI_OUTLET_000159,Punjab National Bank,PNB,CASH_RECYCLER,PUBLIC_SECTOR,Ahmedabad - Ashram Road,Ahmedabad,Gujarat,380009,METROPOLITAN,23.04189,72.560609,8742ceb4affffff,True,True,False
RBI_OUTLET_000160,Bank of Baroda,BOB,BANK_BRANCH,PUBLIC_SECTOR,Ahmedabad - Ashram Road,Ahmedabad,Gujarat,380009,METROPOLITAN,23.045036,72.564343,8742ceb4affffff,True,False,False
RBI_OUTLET_000161,State Bank of India,SBI,ON_SITE_ATM,PUBLIC_SECTOR,Pune - Shivajinagar,Pune,Maharashtra,411005,METROPOLITAN,18.532751,73.8446,87608850effffff,True,True,False
RBI_OUTLET_000162,Punjab National Bank,PNB,OFF_SITE_ATM,PUBLIC_SECTOR,Pune - Shivajinagar,Pune,Maharashtra,411005,METROPOLITAN,18.533314,73.845436,87608850effffff,True,True,False
RBI_OUTLET_000163,Bank of Baroda,BOB,CASH_RECYCLER,PUBLIC_SECTOR,Pune - Shivajinagar,Pune,Maharashtra,411005,METROPOLITAN,18.533375,73.846683,87608850effffff,True,True,False
RBI_OUTLET_000164,Canara Bank,CANARA,BANK_BRANCH,PUBLIC_SECTOR,Pune - Shivajinagar,Pune,Maharashtra,411005,METROPOLITAN,18.532745,73.848024,87608850effffff,True,False,False
RBI_OUTLET_000165,Union Bank of India,UBI,ON_SITE_ATM,PUBLIC_SECTOR,Pune - Shivajinagar,Pune,Maharashtra,411005,METROPOLITAN,18.5314,73.849066,87608850effffff,True,True,False
RBI_OUTLET_000166,HDFC Bank,HDFC,OFF_SITE_ATM,PRIVATE_SECTOR,Pune - Shivajinagar,Pune,Maharashtra,411005,METROPOLITAN,18.529504,73.849428,87608850effffff,True,True,False
RBI_OUTLET_000167,ICICI Bank,ICICI,CASH_RECYCLER,PRIVATE_SECTOR,Pune - Shivajinagar,Pune,Maharashtra,411005,METROPOLITAN,18.527387,73.848833,87608850effffff,True,True,False
RBI_OUTLET_000168,Axis Bank,AXIS,BANK_BRANCH,PRIVATE_SECTOR,Pune - Shivajinagar,Pune,Maharashtra,411005,METROPOLITAN,18.525491,73.847182,87608850effffff,True,False,False
RBI_OUTLET_000169,Kotak Mahindra Bank,KOTAK,ON_SITE_ATM,PRIVATE_SECTOR,Pune - Shivajinagar,Pune,Maharashtra,411005,METROPOLITAN,18.524283,73.8446,87608850effffff,True,True,False
RBI_OUTLET_000170,IndusInd Bank,INDUS,OFF_SITE_ATM,PRIVATE_SECTOR,Pune - Shivajinagar,Pune,Maharashtra,411005,METROPOLITAN,18.524159,73.841437,87608850effffff,True,True,False
RBI_OUTLET_000171,AU Small Finance Bank,AU_SFB,CASH_RECYCLER,SMALL_FINANCE,Pune - Shivajinagar,Pune,Maharashtra,411005,METROPOLITAN,18.525348,73.838217,87608850effffff,True,True,False
RBI_OUTLET_000172,Tata Indicash White-Label,INDICASH,WHITE_LABEL_ATM,WHITE_LABEL,Pune - Shivajinagar,Pune,Maharashtra,411005,METROPOLITAN,18.527849,73.835558,87608850effffff,True,True,False
RBI_OUTLET_000173,India1 Payments WLA,INDIA1,ON_SITE_ATM,WHITE_LABEL,Pune - Shivajinagar,Pune,Maharashtra,411005,METROPOLITAN,18.5314,73.834053,87608850affffff,True,True,False
RBI_OUTLET_000174,State Bank of India,SBI,OFF_SITE_ATM,PUBLIC_SECTOR,Pune - Shivajinagar,Pune,Maharashtra,411005,METROPOLITAN,18.535503,73.834154,87608850affffff,True,True,False
RBI_OUTLET_000175,Punjab National Bank,PNB,CASH_RECYCLER,PUBLIC_SECTOR,Pune - Shivajinagar,Pune,Maharashtra,411005,METROPOLITAN,18.53949,73.836067,87608850affffff,True,True,False
RBI_OUTLET_000176,Bank of Baroda,BOB,BANK_BRANCH,PUBLIC_SECTOR,Pune - Shivajinagar,Pune,Maharashtra,411005,METROPOLITAN,18.542636,73.839691,87608851dffffff,True,False,False
RBI_OUTLET_000177,State Bank of India,SBI,ON_SITE_ATM,PUBLIC_SECTOR,Jamtara-Karmatanr,Jamtara,Jharkhand,815351,RURAL,23.962751,86.8016,873ca91adffffff,True,True,True
RBI_OUTLET_000178,Punjab National Bank,PNB,OFF_SITE_ATM,PUBLIC_SECTOR,Jamtara-Karmatanr,Jamtara,Jharkhand,815351,RURAL,23.963314,86.802468,873ca91adffffff,True,True,True
RBI_OUTLET_000179,Bank of Baroda,BOB,CASH_RECYCLER,PUBLIC_SECTOR,Jamtara-Karmatanr,Jamtara,Jharkhand,815351,RURAL,23.963375,86.803761,873ca91adffffff,True,True,True
RBI_OUTLET_000180,Canara Bank,CANARA,BANK_BRANCH,PUBLIC_SECTOR,Jamtara-Karmatanr,Jamtara,Jharkhand,815351,RURAL,23.962745,86.805152,873ca91adffffff,True,False,True
RBI_OUTLET_000181,Union Bank of India,UBI,ON_SITE_ATM,PUBLIC_SECTOR,Jamtara-Karmatanr,Jamtara,Jharkhand,815351,RURAL,23.9614,86.806234,873ca91adffffff,True,True,True
RBI_OUTLET_000182,HDFC Bank,HDFC,OFF_SITE_ATM,PRIVATE_SECTOR,Jamtara-Karmatanr,Jamtara,Jharkhand,815351,RURAL,23.959504,86.80661,873ca91adffffff,True,True,True
RBI_OUTLET_000183,ICICI Bank,ICICI,CASH_RECYCLER,PRIVATE_SECTOR,Jamtara-Karmatanr,Jamtara,Jharkhand,815351,RURAL,23.957387,86.805992,873ca91adffffff,True,True,True
RBI_OUTLET_000184,Axis Bank,AXIS,BANK_BRANCH,PRIVATE_SECTOR,Jamtara-Karmatanr,Jamtara,Jharkhand,815351,RURAL,23.955491,86.804279,873ca91adffffff,True,False,True
RBI_OUTLET_000185,Kotak Mahindra Bank,KOTAK,ON_SITE_ATM,PRIVATE_SECTOR,Jamtara-Karmatanr,Jamtara,Jharkhand,815351,RURAL,23.954283,86.8016,873ca91adffffff,True,True,True
RBI_OUTLET_000186,IndusInd Bank,INDUS,OFF_SITE_ATM,PRIVATE_SECTOR,Jamtara-Karmatanr,Jamtara,Jharkhand,815351,RURAL,23.954159,86.798318,873ca91adffffff,True,True,True
RBI_OUTLET_000187,AU Small Finance Bank,AU_SFB,CASH_RECYCLER,SMALL_FINANCE,Jamtara-Karmatanr,Jamtara,Jharkhand,815351,RURAL,23.955348,86.794977,873ca91adffffff,True,True,True
RBI_OUTLET_000188,Tata Indicash White-Label,INDICASH,WHITE_LABEL_ATM,WHITE_LABEL,Jamtara-Karmatanr,Jamtara,Jharkhand,815351,RURAL,23.957849,86.792219,873ca91adffffff,True,True,True
RBI_OUTLET_000189,India1 Payments WLA,INDIA1,ON_SITE_ATM,WHITE_LABEL,Jamtara-Karmatanr,Jamtara,Jharkhand,815351,RURAL,23.9614,86.790657,873ca91adffffff,True,True,True
RBI_OUTLET_000190,State Bank of India,SBI,OFF_SITE_ATM,PUBLIC_SECTOR,Jamtara-Karmatanr,Jamtara,Jharkhand,815351,RURAL,23.965503,86.790761,873ca9113ffffff,True,True,True
RBI_OUTLET_000191,Punjab National Bank,PNB,CASH_RECYCLER,PUBLIC_SECTOR,Jamtara-Karmatanr,Jamtara,Jharkhand,815351,RURAL,23.96949,86.792747,873ca9113ffffff,True,True,True
RBI_OUTLET_000192,Bank of Baroda,BOB,BANK_BRANCH,PUBLIC_SECTOR,Jamtara-Karmatanr,Jamtara,Jharkhand,815351,RURAL,23.972636,86.796507,873ca9113ffffff,True,False,True
RBI_OUTLET_000193,State Bank of India,SBI,ON_SITE_ATM,PUBLIC_SECTOR,Mewat-Nuh,Nuh,Haryana,122107,RURAL,28.114151,77.0017,873da1401ffffff,True,True,True
RBI_OUTLET_000194,Punjab National Bank,PNB,OFF_SITE_ATM,PUBLIC_SECTOR,Mewat-Nuh,Nuh,Haryana,122107,RURAL,28.114714,77.002599,873da1401ffffff,True,True,True
RBI_OUTLET_000195,Bank of Baroda,BOB,CASH_RECYCLER,PUBLIC_SECTOR,Mewat-Nuh,Nuh,Haryana,122107,RURAL,28.114775,77.003939,873da1401ffffff,True,True,True
RBI_OUTLET_000196,Canara Bank,CANARA,BANK_BRANCH,PUBLIC_SECTOR,Mewat-Nuh,Nuh,Haryana,122107,RURAL,28.114145,77.00538,873da1401ffffff,True,False,True
RBI_OUTLET_000197,Union Bank of India,UBI,ON_SITE_ATM,PUBLIC_SECTOR,Mewat-Nuh,Nuh,Haryana,122107,RURAL,28.1128,77.006501,873da1401ffffff,True,True,True
RBI_OUTLET_000198,HDFC Bank,HDFC,OFF_SITE_ATM,PRIVATE_SECTOR,Mewat-Nuh,Nuh,Haryana,122107,RURAL,28.110904,77.00689,873da1401ffffff,True,True,True
RBI_OUTLET_000199,ICICI Bank,ICICI,CASH_RECYCLER,PRIVATE_SECTOR,Mewat-Nuh,Nuh,Haryana,122107,RURAL,28.108787,77.00625,873da1401ffffff,True,True,True
RBI_OUTLET_000200,Axis Bank,AXIS,BANK_BRANCH,PRIVATE_SECTOR,Mewat-Nuh,Nuh,Haryana,122107,RURAL,28.106891,77.004475,873da1401ffffff,True,False,True
RBI_OUTLET_000201,Kotak Mahindra Bank,KOTAK,ON_SITE_ATM,PRIVATE_SECTOR,Mewat-Nuh,Nuh,Haryana,122107,RURAL,28.105683,77.0017,873da1400ffffff,True,True,True
RBI_OUTLET_000202,IndusInd Bank,INDUS,OFF_SITE_ATM,PRIVATE_SECTOR,Mewat-Nuh,Nuh,Haryana,122107,RURAL,28.105559,76.998299,873da1400ffffff,True,True,True
RBI_OUTLET_000203,AU Small Finance Bank,AU_SFB,CASH_RECYCLER,SMALL_FINANCE,Mewat-Nuh,Nuh,Haryana,122107,RURAL,28.106748,76.994839,873da1400ffffff,True,True,True
RBI_OUTLET_000204,Tata Indicash White-Label,INDICASH,WHITE_LABEL_ATM,WHITE_LABEL,Mewat-Nuh,Nuh,Haryana,122107,RURAL,28.109249,76.99198,873da1400ffffff,True,True,True
RBI_OUTLET_000205,India1 Payments WLA,INDIA1,ON_SITE_ATM,WHITE_LABEL,Mewat-Nuh,Nuh,Haryana,122107,RURAL,28.1128,76.990362,873da1400ffffff,True,True,True
RBI_OUTLET_000206,State Bank of India,SBI,OFF_SITE_ATM,PUBLIC_SECTOR,Mewat-Nuh,Nuh,Haryana,122107,RURAL,28.116903,76.990471,873da1405ffffff,True,True,True
RBI_OUTLET_000207,Punjab National Bank,PNB,CASH_RECYCLER,PUBLIC_SECTOR,Mewat-Nuh,Nuh,Haryana,122107,RURAL,28.12089,76.992528,873da1405ffffff,True,True,True
RBI_OUTLET_000208,Bank of Baroda,BOB,BANK_BRANCH,PUBLIC_SECTOR,Mewat-Nuh,Nuh,Haryana,122107,RURAL,28.124036,76.996423,873da1405ffffff,True,False,True
RBI_OUTLET_000209,State Bank of India,SBI,ON_SITE_ATM,PUBLIC_SECTOR,Bharatpur-Deeg,Bharatpur,Rajasthan,321001,SEMI_URBAN,27.216551,77.503,873da366dffffff,True,True,True
RBI_OUTLET_000210,Punjab National Bank,PNB,OFF_SITE_ATM,PUBLIC_SECTOR,Bharatpur-Deeg,Bharatpur,Rajasthan,321001,SEMI_URBAN,27.217114,77.503892,873da366dffffff,True,True,True
RBI_OUTLET_000211,Bank of Baroda,BOB,CASH_RECYCLER,PUBLIC_SECTOR,Bharatpur-Deeg,Bharatpur,Rajasthan,321001,SEMI_URBAN,27.217175,77.505221,873da366dffffff,True,True,True
RBI_OUTLET_000212,Canara Bank,CANARA,BANK_BRANCH,PUBLIC_SECTOR,Bharatpur-Deeg,Bharatpur,Rajasthan,321001,SEMI_URBAN,27.216545,77.50665,873da366dffffff,True,False,True
RBI_OUTLET_000213,Union Bank of India,UBI,ON_SITE_ATM,PUBLIC_SECTOR,Bharatpur-Deeg,Bharatpur,Rajasthan,321001,SEMI_URBAN,27.2152,77.507761,873da366dffffff,True,True,True
RBI_OUTLET_000214,HDFC Bank,HDFC,OFF_SITE_ATM,PRIVATE_SECTOR,Bharatpur-Deeg,Bharatpur,Rajasthan,321001,SEMI_URBAN,27.213304,77.508148,873da366dffffff,True,True,True
RBI_OUTLET_000215,ICICI Bank,ICICI,CASH_RECYCLER,PRIVATE_SECTOR,Bharatpur-Deeg,Bharatpur,Rajasthan,321001,SEMI_URBAN,27.211187,77.507513,873da3668ffffff,True,True,True
RBI_OUTLET_000216,Axis Bank,AXIS,BANK_BRANCH,PRIVATE_SECTOR,Bharatpur-Deeg,Bharatpur,Rajasthan,321001,SEMI_URBAN,27.209291,77.505753,873da3668ffffff,True,False,True
RBI_OUTLET_000217,Kotak Mahindra Bank,KOTAK,ON_SITE_ATM,PRIVATE_SECTOR,Bharatpur-Deeg,Bharatpur,Rajasthan,321001,SEMI_URBAN,27.208083,77.503,873da3668ffffff,True,True,True
RBI_OUTLET_000218,IndusInd Bank,INDUS,OFF_SITE_ATM,PRIVATE_SECTOR,Bharatpur-Deeg,Bharatpur,Rajasthan,321001,SEMI_URBAN,27.207959,77.499627,873da3668ffffff,True,True,True
RBI_OUTLET_000219,AU Small Finance Bank,AU_SFB,CASH_RECYCLER,SMALL_FINANCE,Bharatpur-Deeg,Bharatpur,Rajasthan,321001,SEMI_URBAN,27.209148,77.496195,873da366cffffff,True,True,True
RBI_OUTLET_000220,Tata Indicash White-Label,INDICASH,WHITE_LABEL_ATM,WHITE_LABEL,Bharatpur-Deeg,Bharatpur,Rajasthan,321001,SEMI_URBAN,27.211649,77.49336,873da366cffffff,True,True,True
RBI_OUTLET_000221,India1 Payments WLA,INDIA1,ON_SITE_ATM,WHITE_LABEL,Bharatpur-Deeg,Bharatpur,Rajasthan,321001,SEMI_URBAN,27.2152,77.491755,873da366cffffff,True,True,True
RBI_OUTLET_000222,State Bank of India,SBI,OFF_SITE_ATM,PUBLIC_SECTOR,Bharatpur-Deeg,Bharatpur,Rajasthan,321001,SEMI_URBAN,27.219303,77.491862,873da366cffffff,True,True,True
RBI_OUTLET_000223,Punjab National Bank,PNB,CASH_RECYCLER,PUBLIC_SECTOR,Bharatpur-Deeg,Bharatpur,Rajasthan,321001,SEMI_URBAN,27.22329,77.493903,873da366cffffff,True,True,True
RBI_OUTLET_000224,Bank of Baroda,BOB,BANK_BRANCH,PUBLIC_SECTOR,Bharatpur-Deeg,Bharatpur,Rajasthan,321001,SEMI_URBAN,27.226436,77.497766,873da366dffffff,True,False,True
RBI_OUTLET_000225,State Bank of India,SBI,ON_SITE_ATM,PUBLIC_SECTOR,Alwar-Ramgarh,Alwar,Rajasthan,301001,SEMI_URBAN,27.554351,76.6346,873da3d6affffff,True,True,True
RBI_OUTLET_000226,Punjab National Bank,PNB,OFF_SITE_ATM,PUBLIC_SECTOR,Alwar-Ramgarh,Alwar,Rajasthan,301001,SEMI_URBAN,27.554914,76.635494,873da3d4cffffff,True,True,True
RBI_OUTLET_000227,Bank of Baroda,BOB,CASH_RECYCLER,PUBLIC_SECTOR,Alwar-Ramgarh,Alwar,Rajasthan,301001,SEMI_URBAN,27.554975,76.636827,873da3d4cffffff,True,True,True
RBI_OUTLET_000228,Canara Bank,CANARA,BANK_BRANCH,PUBLIC_SECTOR,Alwar-Ramgarh,Alwar,Rajasthan,301001,SEMI_URBAN,27.554345,76.638261,873da3d4cffffff,True,False,True
RBI_OUTLET_000229,Union Bank of India,UBI,ON_SITE_ATM,PUBLIC_SECTOR,Alwar-Ramgarh,Alwar,Rajasthan,301001,SEMI_URBAN,27.553,76.639376,873da3d4cffffff,True,True,True
RBI_OUTLET_000230,HDFC Bank,HDFC,OFF_SITE_ATM,PRIVATE_SECTOR,Alwar-Ramgarh,Alwar,Rajasthan,301001,SEMI_URBAN,27.551104,76.639763,873da3d4cffffff,True,True,True
RBI_OUTLET_000231,ICICI Bank,ICICI,CASH_RECYCLER,PRIVATE_SECTOR,Alwar-Ramgarh,Alwar,Rajasthan,301001,SEMI_URBAN,27.548987,76.639127,873da3d4cffffff,True,True,True
RBI_OUTLET_000232,Axis Bank,AXIS,BANK_BRANCH,PRIVATE_SECTOR,Alwar-Ramgarh,Alwar,Rajasthan,301001,SEMI_URBAN,27.547091,76.637361,873da3d4cffffff,True,False,True
RBI_OUTLET_000233,Kotak Mahindra Bank,KOTAK,ON_SITE_ATM,PRIVATE_SECTOR,Alwar-Ramgarh,Alwar,Rajasthan,301001,SEMI_URBAN,27.545883,76.6346,873da3d4cffffff,True,True,True
RBI_OUTLET_000234,IndusInd Bank,INDUS,OFF_SITE_ATM,PRIVATE_SECTOR,Alwar-Ramgarh,Alwar,Rajasthan,301001,SEMI_URBAN,27.545759,76.631217,873da3d4cffffff,True,True,True
RBI_OUTLET_000235,AU Small Finance Bank,AU_SFB,CASH_RECYCLER,SMALL_FINANCE,Alwar-Ramgarh,Alwar,Rajasthan,301001,SEMI_URBAN,27.546948,76.627774,873da3d6affffff,True,True,True
RBI_OUTLET_000236,Tata Indicash White-Label,INDICASH,WHITE_LABEL_ATM,WHITE_LABEL,Alwar-Ramgarh,Alwar,Rajasthan,301001,SEMI_URBAN,27.549449,76.62493,873da3d6affffff,True,True,True
RBI_OUTLET_000237,India1 Payments WLA,INDIA1,ON_SITE_ATM,WHITE_LABEL,Alwar-Ramgarh,Alwar,Rajasthan,301001,SEMI_URBAN,27.553,76.623321,873da3d6affffff,True,True,True
RBI_OUTLET_000238,State Bank of India,SBI,OFF_SITE_ATM,PUBLIC_SECTOR,Alwar-Ramgarh,Alwar,Rajasthan,301001,SEMI_URBAN,27.557103,76.623428,873da3d6affffff,True,True,True
RBI_OUTLET_000239,Punjab National Bank,PNB,CASH_RECYCLER,PUBLIC_SECTOR,Alwar-Ramgarh,Alwar,Rajasthan,301001,SEMI_URBAN,27.56109,76.625475,873da3d6affffff,True,True,True
RBI_OUTLET_000240,Bank of Baroda,BOB,BANK_BRANCH,PUBLIC_SECTOR,Alwar-Ramgarh,Alwar,Rajasthan,301001,SEMI_URBAN,27.564236,76.62935,873da3d6affffff,True,False,True
RBI_OUTLET_000241,State Bank of India,SBI,ON_SITE_ATM,PUBLIC_SECTOR,Cyberabad - Hitec City,Hyderabad,Telangana,500081,URBAN,17.444851,78.3772,8760a259bffffff,True,True,True
RBI_OUTLET_000242,Punjab National Bank,PNB,OFF_SITE_ATM,PUBLIC_SECTOR,Cyberabad - Hitec City,Hyderabad,Telangana,500081,URBAN,17.445414,78.378031,8760a259bffffff,True,True,True
RBI_OUTLET_000243,Bank of Baroda,BOB,CASH_RECYCLER,PUBLIC_SECTOR,Cyberabad - Hitec City,Hyderabad,Telangana,500081,URBAN,17.445475,78.37927,8760a259bffffff,True,True,True
RBI_OUTLET_000244,Canara Bank,CANARA,BANK_BRANCH,PUBLIC_SECTOR,Cyberabad - Hitec City,Hyderabad,Telangana,500081,URBAN,17.444845,78.380603,8760a259bffffff,True,False,True
RBI_OUTLET_000245,Union Bank of India,UBI,ON_SITE_ATM,PUBLIC_SECTOR,Cyberabad - Hitec City,Hyderabad,Telangana,500081,URBAN,17.4435,78.381638,8760a259bffffff,True,True,True
RBI_OUTLET_000246,HDFC Bank,HDFC,OFF_SITE_ATM,PRIVATE_SECTOR,Cyberabad - Hitec City,Hyderabad,Telangana,500081,URBAN,17.441604,78.381998,8760a259bffffff,True,True,True
RBI_OUTLET_000247,ICICI Bank,ICICI,CASH_RECYCLER,PRIVATE_SECTOR,Cyberabad - Hitec City,Hyderabad,Telangana,500081,URBAN,17.439487,78.381407,8760a2599ffffff,True,True,True
RBI_OUTLET_000248,Axis Bank,AXIS,BANK_BRANCH,PRIVATE_SECTOR,Cyberabad - Hitec City,Hyderabad,Telangana,500081,URBAN,17.437591,78.379766,8760a2599ffffff,True,False,True
RBI_OUTLET_000249,Kotak Mahindra Bank,KOTAK,ON_SITE_ATM,PRIVATE_SECTOR,Cyberabad - Hitec City,Hyderabad,Telangana,500081,URBAN,17.436383,78.3772,8760a2599ffffff,True,True,True
RBI_OUTLET_000250,IndusInd Bank,INDUS,OFF_SITE_ATM,PRIVATE_SECTOR,Cyberabad - Hitec City,Hyderabad,Telangana,500081,URBAN,17.436259,78.374056,8760a2599ffffff,True,True,True
RBI_OUTLET_000251,AU Small Finance Bank,AU_SFB,CASH_RECYCLER,SMALL_FINANCE,Cyberabad - Hitec City,Hyderabad,Telangana,500081,URBAN,17.437448,78.370856,8760a24a6ffffff,True,True,True
RBI_OUTLET_000252,Tata Indicash White-Label,INDICASH,WHITE_LABEL_ATM,WHITE_LABEL,Cyberabad - Hitec City,Hyderabad,Telangana,500081,URBAN,17.439949,78.368214,8760a24a6ffffff,True,True,True
RBI_OUTLET_000253,India1 Payments WLA,INDIA1,ON_SITE_ATM,WHITE_LABEL,Cyberabad - Hitec City,Hyderabad,Telangana,500081,URBAN,17.4435,78.366718,8760a24a6ffffff,True,True,True
RBI_OUTLET_000254,State Bank of India,SBI,OFF_SITE_ATM,PUBLIC_SECTOR,Cyberabad - Hitec City,Hyderabad,Telangana,500081,URBAN,17.447603,78.366818,8760a24a6ffffff,True,True,True
RBI_OUTLET_000255,Punjab National Bank,PNB,CASH_RECYCLER,PUBLIC_SECTOR,Cyberabad - Hitec City,Hyderabad,Telangana,500081,URBAN,17.45159,78.36872,8760a24a6ffffff,True,True,True
RBI_OUTLET_000256,Bank of Baroda,BOB,BANK_BRANCH,PUBLIC_SECTOR,Cyberabad - Hitec City,Hyderabad,Telangana,500081,URBAN,17.454736,78.372321,8760a24b5ffffff,True,False,True
RBI_OUTLET_000257,State Bank of India,SBI,ON_SITE_ATM,PUBLIC_SECTOR,Noida Sector-62,Gautam Buddha Nagar,Uttar Pradesh,201309,URBAN,28.629351,77.3649,873da1a90ffffff,True,True,True
RBI_OUTLET_000258,Punjab National Bank,PNB,OFF_SITE_ATM,PUBLIC_SECTOR,Noida Sector-62,Gautam Buddha Nagar,Uttar Pradesh,201309,URBAN,28.629914,77.365803,873da1a90ffffff,True,True,True
RBI_OUTLET_000259,Bank of Baroda,BOB,CASH_RECYCLER,PUBLIC_SECTOR,Noida Sector-62,Gautam Buddha Nagar,Uttar Pradesh,201309,URBAN,28.629975,77.36715,873da1a90ffffff,True,True,True
RBI_OUTLET_000260,Canara Bank,CANARA,BANK_BRANCH,PUBLIC_SECTOR,Noida Sector-62,Gautam Buddha Nagar,Uttar Pradesh,201309,URBAN,28.629345,77.368598,873da1a90ffffff,True,False,True
RBI_OUTLET_000261,Union Bank of India,UBI,ON_SITE_ATM,PUBLIC_SECTOR,Noida Sector-62,Gautam Buddha Nagar,Uttar Pradesh,201309,URBAN,28.628,77.369724,873da1a90ffffff,True,True,True
RBI_OUTLET_000262,HDFC Bank,HDFC,OFF_SITE_ATM,PRIVATE_SECTOR,Noida Sector-62,Gautam Buddha Nagar,Uttar Pradesh,201309,URBAN,28.626104,77.370115,873da1a93ffffff,True,True,True
RBI_OUTLET_000263,ICICI Bank,ICICI,CASH_RECYCLER,PRIVATE_SECTOR,Noida Sector-62,Gautam Buddha Nagar,Uttar Pradesh,201309,URBAN,28.623987,77.369472,873da1a93ffffff,True,True,True
RBI_OUTLET_000264,Axis Bank,AXIS,BANK_BRANCH,PRIVATE_SECTOR,Noida Sector-62,Gautam Buddha Nagar,Uttar Pradesh,201309,URBAN,28.622091,77.367689,873da1a93ffffff,True,False,True
RBI_OUTLET_000265,Kotak Mahindra Bank,KOTAK,ON_SITE_ATM,PRIVATE_SECTOR,Noida Sector-62,Gautam Buddha Nagar,Uttar Pradesh,201309,URBAN,28.620883,77.3649,873da1a92ffffff,True,True,True
RBI_OUTLET_000266,IndusInd Bank,INDUS,OFF_SITE_ATM,PRIVATE_SECTOR,Noida Sector-62,Gautam Buddha Nagar,Uttar Pradesh,201309,URBAN,28.620759,77.361483,873da1a92ffffff,True,True,True
RBI_OUTLET_000267,AU Small Finance Bank,AU_SFB,CASH_RECYCLER,SMALL_FINANCE,Noida Sector-62,Gautam Buddha Nagar,Uttar Pradesh,201309,URBAN,28.621948,77.358005,873da1a92ffffff,True,True,True
RBI_OUTLET_000268,Tata Indicash White-Label,INDICASH,WHITE_LABEL_ATM,WHITE_LABEL,Noida Sector-62,Gautam Buddha Nagar,Uttar Pradesh,201309,URBAN,28.624449,77.355133,873da1a90ffffff,True,True,True
RBI_OUTLET_000269,India1 Payments WLA,INDIA1,ON_SITE_ATM,WHITE_LABEL,Noida Sector-62,Gautam Buddha Nagar,Uttar Pradesh,201309,URBAN,28.628,77.353507,873da1a90ffffff,True,True,True
RBI_OUTLET_000270,State Bank of India,SBI,OFF_SITE_ATM,PUBLIC_SECTOR,Noida Sector-62,Gautam Buddha Nagar,Uttar Pradesh,201309,URBAN,28.632103,77.353616,873da1a90ffffff,True,True,True
RBI_OUTLET_000271,Punjab National Bank,PNB,CASH_RECYCLER,PUBLIC_SECTOR,Noida Sector-62,Gautam Buddha Nagar,Uttar Pradesh,201309,URBAN,28.63609,77.355683,873da1a90ffffff,True,True,True
RBI_OUTLET_000272,Bank of Baroda,BOB,BANK_BRANCH,PUBLIC_SECTOR,Noida Sector-62,Gautam Buddha Nagar,Uttar Pradesh,201309,URBAN,28.639236,77.359598,873da1a90ffffff,True,False,True
RBI_OUTLET_000273,State Bank of India,SBI,ON_SITE_ATM,PUBLIC_SECTOR,Bidhannagar Salt Lake,North 24 Parganas,West Bengal,700091,URBAN,22.581751,88.4174,873cf2c6cffffff,True,True,True
RBI_OUTLET_000274,Punjab National Bank,PNB,OFF_SITE_ATM,PUBLIC_SECTOR,Bidhannagar Salt Lake,North 24 Parganas,West Bengal,700091,URBAN,22.582314,88.418259,873cf2c6cffffff,True,True,True
RBI_OUTLET_000275,Bank of Baroda,BOB,CASH_RECYCLER,PUBLIC_SECTOR,Bidhannagar Salt Lake,North 24 Parganas,West Bengal,700091,URBAN,22.582375,88.419539,873cf2c6cffffff,True,True,True
RBI_OUTLET_000276,Canara Bank,CANARA,BANK_BRANCH,PUBLIC_SECTOR,Bidhannagar Salt Lake,North 24 Parganas,West Bengal,700091,URBAN,22.581745,88.420916,873cf2c6cffffff,True,False,True
RBI_OUTLET_000277,Union Bank of India,UBI,ON_SITE_ATM,PUBLIC_SECTOR,Bidhannagar Salt Lake,North 24 Parganas,West Bengal,700091,URBAN,22.5804,88.421986,873cf2c6cffffff,True,True,True
RBI_OUTLET_000278,HDFC Bank,HDFC,OFF_SITE_ATM,PRIVATE_SECTOR,Bidhannagar Salt Lake,North 24 Parganas,West Bengal,700091,URBAN,22.578504,88.422358,873cf2c6cffffff,True,True,True
RBI_OUTLET_000279,ICICI Bank,ICICI,CASH_RECYCLER,PRIVATE_SECTOR,Bidhannagar Salt Lake,North 24 Parganas,West Bengal,700091,URBAN,22.576387,88.421747,873cf2c6cffffff,True,True,True
RBI_OUTLET_000280,Axis Bank,AXIS,BANK_BRANCH,PRIVATE_SECTOR,Bidhannagar Salt Lake,North 24 Parganas,West Bengal,700091,URBAN,22.574491,88.420051,873cf2c6cffffff,True,False,True
RBI_OUTLET_000281,Kotak Mahindra Bank,KOTAK,ON_SITE_ATM,PRIVATE_SECTOR,Bidhannagar Salt Lake,North 24 Parganas,West Bengal,700091,URBAN,22.573283,88.4174,873cf2c6cffffff,True,True,True
RBI_OUTLET_000282,IndusInd Bank,INDUS,OFF_SITE_ATM,PRIVATE_SECTOR,Bidhannagar Salt Lake,North 24 Parganas,West Bengal,700091,URBAN,22.573159,88.414152,873cf2c6cffffff,True,True,True
RBI_OUTLET_000283,AU Small Finance Bank,AU_SFB,CASH_RECYCLER,SMALL_FINANCE,Bidhannagar Salt Lake,North 24 Parganas,West Bengal,700091,URBAN,22.574348,88.410846,873cf2c61ffffff,True,True,True
RBI_OUTLET_000284,Tata Indicash White-Label,INDICASH,WHITE_LABEL_ATM,WHITE_LABEL,Bidhannagar Salt Lake,North 24 Parganas,West Bengal,700091,URBAN,22.576849,88.408115,873cf2c61ffffff,True,True,True
RBI_OUTLET_000285,India1 Payments WLA,INDIA1,ON_SITE_ATM,WHITE_LABEL,Bidhannagar Salt Lake,North 24 Parganas,West Bengal,700091,URBAN,22.5804,88.40657,873cf2c61ffffff,True,True,True
RBI_OUTLET_000286,State Bank of India,SBI,OFF_SITE_ATM,PUBLIC_SECTOR,Bidhannagar Salt Lake,North 24 Parganas,West Bengal,700091,URBAN,22.584503,88.406673,873cf2c61ffffff,True,True,True
RBI_OUTLET_000287,Punjab National Bank,PNB,CASH_RECYCLER,PUBLIC_SECTOR,Bidhannagar Salt Lake,North 24 Parganas,West Bengal,700091,URBAN,22.58849,88.408638,873cf2892ffffff,True,True,True
RBI_OUTLET_000288,Bank of Baroda,BOB,BANK_BRANCH,PUBLIC_SECTOR,Bidhannagar Salt Lake,North 24 Parganas,West Bengal,700091,URBAN,22.591636,88.412359,873cf2892ffffff,True,False,True
RBI_OUTLET_000289,State Bank of India,SBI,ON_SITE_ATM,PUBLIC_SECTOR,Lucknow - Hazratganj,Lucknow,Uttar Pradesh,226001,URBAN,26.848051,80.9462,873d8dcd5ffffff,True,True,False
RBI_OUTLET_000290,Punjab National Bank,PNB,OFF_SITE_ATM,PUBLIC_SECTOR,Lucknow - Hazratganj,Lucknow,Uttar Pradesh,226001,URBAN,26.848376,80.947565,873d8dcd5ffffff,True,True,False
RBI_OUTLET_000291,Bank of Baroda,BOB,CASH_RECYCLER,PUBLIC_SECTOR,Lucknow - Hazratganj,Lucknow,Uttar Pradesh,226001,URBAN,26.847563,80.949177,873d8dcd5ffffff,True,True,False
RBI_OUTLET_000292,Canara Bank,CANARA,BANK_BRANCH,PUBLIC_SECTOR,Lucknow - Hazratganj,Lucknow,Uttar Pradesh,226001,URBAN,26.845614,80.949945,873d8dcd5ffffff,True,False,False
RBI_OUTLET_000293,Union Bank of India,UBI,ON_SITE_ATM,PUBLIC_SECTOR,Lucknow - Hazratganj,Lucknow,Uttar Pradesh,226001,URBAN,26.843274,80.948989,873d8dcd5ffffff,True,True,False
RBI_OUTLET_000294,HDFC Bank,HDFC,OFF_SITE_ATM,PRIVATE_SECTOR,Lucknow - Hazratganj,Lucknow,Uttar Pradesh,226001,URBAN,26.841745,80.9462,873d8dcd0ffffff,True,True,False
RBI_OUTLET_000295,ICICI Bank,ICICI,CASH_RECYCLER,PRIVATE_SECTOR,Lucknow - Hazratganj,Lucknow,Uttar Pradesh,226001,URBAN,26.842108,80.942461,873d8dcd4ffffff,True,True,False
RBI_OUTLET_000296,Axis Bank,AXIS,BANK_BRANCH,PRIVATE_SECTOR,Lucknow - Hazratganj,Lucknow,Uttar Pradesh,226001,URBAN,26.844723,80.939382,873d8dcd4ffffff,True,False,False
RBI_OUTLET_000297,Kotak Mahindra Bank,KOTAK,ON_SITE_ATM,PRIVATE_SECTOR,Lucknow - Hazratganj,Lucknow,Uttar Pradesh,226001,URBAN,26.848899,80.938614,873d8dcd4ffffff,True,True,False
RBI_OUTLET_000298,IndusInd Bank,INDUS,OFF_SITE_ATM,PRIVATE_SECTOR,Lucknow - Hazratganj,Lucknow,Uttar Pradesh,226001,URBAN,26.853041,80.941037,873d8dcd5ffffff,True,True,False
RBI_OUTLET_000299,State Bank of India,SBI,ON_SITE_ATM,PUBLIC_SECTOR,Patna - Gandhi Maidan,Patna,Bihar,800001,URBAN,25.619951,85.1444,873c138c8ffffff,True,True,False
RBI_OUTLET_000300,Punjab National Bank,PNB,OFF_SITE_ATM,PUBLIC_SECTOR,Patna - Gandhi Maidan,Patna,Bihar,800001,URBAN,25.620276,85.145751,873c138c9ffffff,True,True,False
RBI_OUTLET_000301,Bank of Baroda,BOB,CASH_RECYCLER,PUBLIC_SECTOR,Patna - Gandhi Maidan,Patna,Bihar,800001,URBAN,25.619463,85.147346,873c138c9ffffff,True,True,False
RBI_OUTLET_000302,Canara Bank,CANARA,BANK_BRANCH,PUBLIC_SECTOR,Patna - Gandhi Maidan,Patna,Bihar,800001,URBAN,25.617514,85.148106,873c138c9ffffff,True,False,False
RBI_OUTLET_000303,Union Bank of India,UBI,ON_SITE_ATM,PUBLIC_SECTOR,Patna - Gandhi Maidan,Patna,Bihar,800001,URBAN,25.615174,85.14716,873c138c8ffffff,True,True,False
RBI_OUTLET_000304,HDFC Bank,HDFC,OFF_SITE_ATM,PRIVATE_SECTOR,Patna - Gandhi Maidan,Patna,Bihar,800001,URBAN,25.613645,85.1444,873c138c8ffffff,True,True,False
RBI_OUTLET_000305,ICICI Bank,ICICI,CASH_RECYCLER,PRIVATE_SECTOR,Patna - Gandhi Maidan,Patna,Bihar,800001,URBAN,25.614008,85.1407,873c138c8ffffff,True,True,False
RBI_OUTLET_000306,Axis Bank,AXIS,BANK_BRANCH,PRIVATE_SECTOR,Patna - Gandhi Maidan,Patna,Bihar,800001,URBAN,25.616623,85.137653,873c138c8ffffff,True,False,False
RBI_OUTLET_000307,Kotak Mahindra Bank,KOTAK,ON_SITE_ATM,PRIVATE_SECTOR,Patna - Gandhi Maidan,Patna,Bihar,800001,URBAN,25.620799,85.136893,873c138c8ffffff,True,True,False
RBI_OUTLET_000308,IndusInd Bank,INDUS,OFF_SITE_ATM,PRIVATE_SECTOR,Patna - Gandhi Maidan,Patna,Bihar,800001,URBAN,25.624941,85.139291,873c138cdffffff,True,True,False
RBI_OUTLET_000309,State Bank of India,SBI,ON_SITE_ATM,PUBLIC_SECTOR,Ranchi - Main Road,Ranchi,Jharkhand,834001,URBAN,23.345451,85.3096,873ca8534ffffff,True,True,False
RBI_OUTLET_000310,Punjab National Bank,PNB,OFF_SITE_ATM,PUBLIC_SECTOR,Ranchi - Main Road,Ranchi,Jharkhand,834001,URBAN,23.345776,85.310927,873ca8534ffffff,True,True,False
RBI_OUTLET_000311,Bank of Baroda,BOB,CASH_RECYCLER,PUBLIC_SECTOR,Ranchi - Main Road,Ranchi,Jharkhand,834001,URBAN,23.344963,85.312493,873ca8534ffffff,True,True,False
RBI_OUTLET_000312,Canara Bank,CANARA,BANK_BRANCH,PUBLIC_SECTOR,Ranchi - Main Road,Ranchi,Jharkhand,834001,URBAN,23.343014,85.313239,873ca8534ffffff,True,False,False
RBI_OUTLET_000313,Union Bank of India,UBI,ON_SITE_ATM,PUBLIC_SECTOR,Ranchi - Main Road,Ranchi,Jharkhand,834001,URBAN,23.340674,85.312311,873ca8534ffffff,True,True,False
RBI_OUTLET_000314,HDFC Bank,HDFC,OFF_SITE_ATM,PRIVATE_SECTOR,Ranchi - Main Road,Ranchi,Jharkhand,834001,URBAN,23.339145,85.3096,873ca8534ffffff,True,True,False
RBI_OUTLET_000315,ICICI Bank,ICICI,CASH_RECYCLER,PRIVATE_SECTOR,Ranchi - Main Road,Ranchi,Jharkhand,834001,URBAN,23.339508,85.305966,873ca8534ffffff,True,True,False
RBI_OUTLET_000316,Axis Bank,AXIS,BANK_BRANCH,PRIVATE_SECTOR,Ranchi - Main Road,Ranchi,Jharkhand,834001,URBAN,23.342123,85.302974,873ca8534ffffff,True,False,False
RBI_OUTLET_000317,Kotak Mahindra Bank,KOTAK,ON_SITE_ATM,PRIVATE_SECTOR,Ranchi - Main Road,Ranchi,Jharkhand,834001,URBAN,23.346299,85.302228,873ca8534ffffff,True,True,False
RBI_OUTLET_000318,IndusInd Bank,INDUS,OFF_SITE_ATM,PRIVATE_SECTOR,Ranchi - Main Road,Ranchi,Jharkhand,834001,URBAN,23.350441,85.304582,873ca8c9bffffff,True,True,False
RBI_OUTLET_000319,State Bank of India,SBI,ON_SITE_ATM,PUBLIC_SECTOR,Jaipur - MI Road,Jaipur,Rajasthan,302001,URBAN,26.918151,75.8115,873da2188ffffff,True,True,False
RBI_OUTLET_000320,Punjab National Bank,PNB,OFF_SITE_ATM,PUBLIC_SECTOR,Jaipur - MI Road,Jaipur,Rajasthan,302001,URBAN,26.918476,75.812866,873da2188ffffff,True,True,False
RBI_OUTLET_000321,Bank of Baroda,BOB,CASH_RECYCLER,PUBLIC_SECTOR,Jaipur - MI Road,Jaipur,Rajasthan,302001,URBAN,26.917663,75.814479,873da2188ffffff,True,True,False
RBI_OUTLET_000322,Canara Bank,CANARA,BANK_BRANCH,PUBLIC_SECTOR,Jaipur - MI Road,Jaipur,Rajasthan,302001,URBAN,26.915714,75.815248,873da2188ffffff,True,False,False
RBI_OUTLET_000323,Union Bank of India,UBI,ON_SITE_ATM,PUBLIC_SECTOR,Jaipur - MI Road,Jaipur,Rajasthan,302001,URBAN,26.913374,75.814291,873da2188ffffff,True,True,False
RBI_OUTLET_000324,HDFC Bank,HDFC,OFF_SITE_ATM,PRIVATE_SECTOR,Jaipur - MI Road,Jaipur,Rajasthan,302001,URBAN,26.911845,75.8115,873da2188ffffff,True,True,False
RBI_OUTLET_000325,ICICI Bank,ICICI,CASH_RECYCLER,PRIVATE_SECTOR,Jaipur - MI Road,Jaipur,Rajasthan,302001,URBAN,26.912208,75.807759,873da2188ffffff,True,True,False
RBI_OUTLET_000326,Axis Bank,AXIS,BANK_BRANCH,PRIVATE_SECTOR,Jaipur - MI Road,Jaipur,Rajasthan,302001,URBAN,26.914823,75.804678,873da2188ffffff,True,False,False
RBI_OUTLET_000327,Kotak Mahindra Bank,KOTAK,ON_SITE_ATM,PRIVATE_SECTOR,Jaipur - MI Road,Jaipur,Rajasthan,302001,URBAN,26.918999,75.803909,873da2188ffffff,True,True,False
RBI_OUTLET_000328,IndusInd Bank,INDUS,OFF_SITE_ATM,PRIVATE_SECTOR,Jaipur - MI Road,Jaipur,Rajasthan,302001,URBAN,26.923141,75.806333,873da2188ffffff,True,True,False
RBI_OUTLET_000329,State Bank of India,SBI,ON_SITE_ATM,PUBLIC_SECTOR,Gurugram - Cyber City,Gurugram,Haryana,122002,URBAN,28.496351,77.0895,873da111affffff,True,True,False
RBI_OUTLET_000330,Punjab National Bank,PNB,OFF_SITE_ATM,PUBLIC_SECTOR,Gurugram - Cyber City,Gurugram,Haryana,122002,URBAN,28.496676,77.090886,873da111affffff,True,True,False
RBI_OUTLET_000331,Bank of Baroda,BOB,CASH_RECYCLER,PUBLIC_SECTOR,Gurugram - Cyber City,Gurugram,Haryana,122002,URBAN,28.495863,77.092522,873da111affffff,True,True,False
RBI_OUTLET_000332,Canara Bank,CANARA,BANK_BRANCH,PUBLIC_SECTOR,Gurugram - Cyber City,Gurugram,Haryana,122002,URBAN,28.493914,77.093302,873da111affffff,True,False,False
RBI_OUTLET_000333,Union Bank of India,UBI,ON_SITE_ATM,PUBLIC_SECTOR,Gurugram - Cyber City,Gurugram,Haryana,122002,URBAN,28.491574,77.092332,873da111affffff,True,True,False
RBI_OUTLET_000334,HDFC Bank,HDFC,OFF_SITE_ATM,PRIVATE_SECTOR,Gurugram - Cyber City,Gurugram,Haryana,122002,URBAN,28.490045,77.0895,873da111affffff,True,True,False
RBI_OUTLET_000335,ICICI Bank,ICICI,CASH_RECYCLER,PRIVATE_SECTOR,Gurugram - Cyber City,Gurugram,Haryana,122002,URBAN,28.490408,77.085704,873da111affffff,True,True,False
RBI_OUTLET_000336,Axis Bank,AXIS,BANK_BRANCH,PRIVATE_SECTOR,Gurugram - Cyber City,Gurugram,Haryana,122002,URBAN,28.493023,77.082578,873da111affffff,True,False,False
RBI_OUTLET_000337,Kotak Mahindra Bank,KOTAK,ON_SITE_ATM,PRIVATE_SECTOR,Gurugram - Cyber City,Gurugram,Haryana,122002,URBAN,28.497199,77.081798,873da111affffff,True,True,False
RBI_OUTLET_000338,IndusInd Bank,INDUS,OFF_SITE_ATM,PRIVATE_SECTOR,Gurugram - Cyber City,Gurugram,Haryana,122002,URBAN,28.501341,77.084258,873da111affffff,True,True,False
RBI_OUTLET_000339,State Bank of India,SBI,ON_SITE_ATM,PUBLIC_SECTOR,Faridabad,Faridabad,Haryana,121001,URBAN,28.410251,77.3178,873da10e3ffffff,True,True,False
RBI_OUTLET_000340,Punjab National Bank,PNB,OFF_SITE_ATM,PUBLIC_SECTOR,Faridabad,Faridabad,Haryana,121001,URBAN,28.410576,77.319185,873da10e3ffffff,True,True,False
RBI_OUTLET_000341,Bank of Baroda,BOB,CASH_RECYCLER,PUBLIC_SECTOR,Faridabad,Faridabad,Haryana,121001,URBAN,28.409763,77.32082,873da10e3ffffff,True,True,False
RBI_OUTLET_000342,Canara Bank,CANARA,BANK_BRANCH,PUBLIC_SECTOR,Faridabad,Faridabad,Haryana,121001,URBAN,28.407814,77.321599,873da10e3ffffff,True,False,False
RBI_OUTLET_000343,Union Bank of India,UBI,ON_SITE_ATM,PUBLIC_SECTOR,Faridabad,Faridabad,Haryana,121001,URBAN,28.405474,77.32063,873da10c4ffffff,True,True,False
RBI_OUTLET_000344,HDFC Bank,HDFC,OFF_SITE_ATM,PRIVATE_SECTOR,Faridabad,Faridabad,Haryana,121001,URBAN,28.403945,77.3178,873da10c4ffffff,True,True,False
RBI_OUTLET_000345,ICICI Bank,ICICI,CASH_RECYCLER,PRIVATE_SECTOR,Faridabad,Faridabad,Haryana,121001,URBAN,28.404308,77.314007,873da10e2ffffff,True,True,False
RBI_OUTLET_000346,Axis Bank,AXIS,BANK_BRANCH,PRIVATE_SECTOR,Faridabad,Faridabad,Haryana,121001,URBAN,28.406923,77.310884,873da10e2ffffff,True,False,False
RBI_OUTLET_000347,Kotak Mahindra Bank,KOTAK,ON_SITE_ATM,PRIVATE_SECTOR,Faridabad,Faridabad,Haryana,121001,URBAN,28.411099,77.310104,873da10e2ffffff,True,True,False
RBI_OUTLET_000348,IndusInd Bank,INDUS,OFF_SITE_ATM,PRIVATE_SECTOR,Faridabad,Faridabad,Haryana,121001,URBAN,28.415241,77.312562,873da10e2ffffff,True,True,False
